timestamp,event,symbol,trade_id,cash,equity,open_positions,return_pct,quality_win
2026-05-01 10:20:00,entry,WULF,0,80000.0,100000.0,1,,
2026-05-01 10:25:00,entry,CIFR,1,59989.19,100054.05,2,,
2026-05-01 10:25:00,entry,AMKR,2,39980.58,100043.05,3,,
2026-05-01 10:25:00,entry,LSCC,3,19974.81,100028.86,4,,
2026-05-01 10:30:00,entry,HOOD,4,87.54,99436.35,5,,
2026-05-01 10:30:00,skip_max_positions,COIN,5,87.54,99444.47,5,,
2026-05-01 10:50:00,skip_max_positions,ARM,6,87.54,100017.72,5,,
2026-05-01 10:50:00,skip_max_positions,AFRM,7,87.54,100017.72,5,,
2026-05-01 10:50:00,skip_max_positions,HIVE,8,87.54,100017.72,5,,
2026-05-01 10:50:00,skip_max_positions,QUBT,9,87.54,100017.72,5,,
2026-05-01 11:45:00,skip_max_positions,RIOT,10,87.54,100234.11,5,,
2026-05-01 11:50:00,exit,CIFR,1,19801.16,99853.32,4,-0.01485,False
2026-05-01 11:50:00,skip_no_cash,BTDR,11,19801.16,99853.32,4,,
2026-05-01 11:55:00,skip_no_cash,MPWR,12,19801.16,99957.01,4,,
2026-05-01 12:05:00,skip_no_cash,CLSK,13,19801.16,99787.54,4,,
2026-05-01 12:05:00,skip_no_cash,IREN,14,19801.16,99787.54,4,,
2026-05-01 12:05:00,skip_no_cash,IONQ,15,19801.16,99787.54,4,,
2026-05-01 12:05:00,skip_no_cash,QS,16,19801.16,99787.54,4,,
2026-05-01 12:05:00,skip_no_cash,COHR,17,19801.16,99787.54,4,,
2026-05-01 12:05:00,skip_no_cash,LEU,18,19801.16,99787.54,4,,
2026-05-01 12:10:00,skip_no_cash,LCID,19,19801.16,99756.24,4,,
2026-05-01 12:15:00,skip_no_cash,SPCE,20,19801.16,99806.2,4,,
2026-05-01 12:15:00,skip_no_cash,LUNR,21,19801.16,99806.2,4,,
2026-05-01 12:15:00,skip_no_cash,ENPH,22,19801.16,99806.2,4,,
2026-05-01 12:25:00,skip_no_cash,FSLR,23,19801.16,99611.19,4,,
2026-05-01 12:35:00,skip_no_cash,LAES,24,19801.16,99689.26,4,,
2026-05-01 12:40:00,skip_no_cash,TSM,25,19801.16,99679.88,4,,
2026-05-01 12:40:00,skip_no_cash,AI,26,19801.16,99679.88,4,,
2026-05-01 12:45:00,skip_no_cash,SMR,27,19801.16,99615.51,4,,
2026-05-01 12:45:00,skip_no_cash,UEC,28,19801.16,99615.51,4,,
2026-05-01 13:00:00,skip_no_cash,ALAB,29,19801.16,99774.85,4,,
2026-05-01 13:00:00,skip_no_cash,ENVX,30,19801.16,99774.85,4,,
2026-05-01 13:20:00,skip_no_cash,RGTI,31,19801.16,99972.85,4,,
2026-05-01 13:40:00,skip_no_cash,ARQQ,32,19801.16,99854.94,4,,
2026-05-01 13:55:00,exit,WULF,0,39269.63,99698.67,3,-0.02658,False
2026-05-01 14:00:00,entry,SEDG,33,19338.49,99655.7,4,,
2026-05-01 14:00:00,skip_no_cash,OKLO,34,19338.49,99769.46,4,,
2026-05-01 14:05:00,skip_no_cash,BBAI,35,19338.49,99705.74,4,,
2026-05-01 14:15:00,skip_no_cash,QBTS,36,19338.49,99682.63,4,,
2026-05-01 14:25:00,exit,AMKR,2,39656.32,99773.35,3,0.01545,True
2026-05-01 14:25:00,exit,LSCC,3,59559.28,99773.35,2,-0.00514,False
2026-05-01 14:30:00,exit,HOOD,4,79749.76,99720.37,1,0.01525,True
2026-05-01 14:30:00,entry,RUN,37,59805.69,99720.37,2,,
2026-05-01 14:30:00,entry,QCOM,38,39872.17,99667.58,3,,
2026-05-01 14:30:00,entry,AEHR,39,19932.78,99696.93,4,,
2026-05-01 14:30:00,skip_no_cash,PLUG,40,19932.78,99727.02,4,,
2026-05-01 14:35:00,entry,ACHR,41,8.44,99621.72,5,,
2026-05-01 14:35:00,skip_max_positions,SPCE,42,8.44,99570.67,5,,
2026-05-01 14:50:00,skip_max_positions,NNE,43,8.44,99206.14,5,,
2026-05-01 14:55:00,skip_max_positions,SOUN,44,8.44,99077.87,5,,
2026-05-01 15:00:00,skip_max_positions,MU,45,8.44,99058.29,5,,
2026-05-01 15:00:00,skip_max_positions,ON,46,8.44,99058.29,5,,
2026-05-01 15:00:00,skip_max_positions,PLTR,47,8.44,99058.29,5,,
2026-05-01 15:05:00,skip_max_positions,MRVL,48,8.44,99253.58,5,,
2026-05-01 15:10:00,skip_max_positions,APP,49,8.44,99148.51,5,,
2026-05-01 15:15:00,skip_max_positions,AMD,50,8.44,99122.08,5,,
2026-05-01 15:15:00,skip_max_positions,UPST,51,8.44,99122.08,5,,
2026-05-01 15:15:00,skip_max_positions,QUBT,52,8.44,99122.08,5,,
2026-05-01 15:30:00,exit,SEDG,33,19575.09,99034.08,4,-0.01829,False
2026-05-01 15:30:00,exit,RUN,37,39210.01,99049.16,3,-0.0155,False
2026-05-01 15:55:00,exit,QCOM,38,59189.23,99170.65,2,0.00229,False
2026-05-01 15:55:00,exit,AEHR,39,79195.26,99170.65,1,0.00334,False
2026-05-01 15:55:00,exit,ACHR,41,99170.65,99170.65,0,0.00256,False
2026-05-04 10:20:00,entry,CCJ,53,79336.52,99170.65,1,,
2026-05-04 10:20:00,entry,CIFR,54,59524.18,99061.7,2,,
2026-05-04 10:40:00,entry,BTDR,55,39620.78,99516.98,3,,
2026-05-04 10:55:00,entry,BBAI,56,19740.66,99400.62,4,,
2026-05-04 10:55:00,skip_no_cash,PATH,57,19740.66,99261.43,4,,
2026-05-04 11:00:00,skip_no_cash,MARA,58,19740.66,99922.28,4,,
2026-05-04 11:00:00,skip_no_cash,CLSK,59,19740.66,99922.28,4,,
2026-05-04 11:00:00,skip_no_cash,WULF,60,19740.66,99922.28,4,,
2026-05-04 11:15:00,skip_no_cash,RGTI,61,19740.66,99276.44,4,,
2026-05-04 11:15:00,skip_no_cash,SMCI,62,19740.66,99276.44,4,,
2026-05-04 11:15:00,skip_no_cash,QBTS,63,19740.66,99276.44,4,,
2026-05-04 11:15:00,skip_no_cash,ENVX,64,19740.66,99276.44,4,,
2026-05-04 11:15:00,skip_no_cash,SMR,65,19740.66,99276.44,4,,
2026-05-04 11:15:00,skip_no_cash,OKLO,66,19740.66,99276.44,4,,
2026-05-04 11:15:00,skip_no_cash,ASTS,67,19740.66,99276.44,4,,
2026-05-04 11:15:00,skip_no_cash,NNE,68,19740.66,99276.44,4,,
2026-05-04 11:15:00,skip_no_cash,JOBY,69,19740.66,99276.44,4,,
2026-05-04 11:15:00,skip_no_cash,ACHR,70,19740.66,99276.44,4,,
2026-05-04 11:15:00,skip_no_cash,AI,71,19740.66,99276.44,4,,
2026-05-04 11:15:00,skip_no_cash,HOOD,72,19740.66,99276.44,4,,
2026-05-04 11:15:00,skip_no_cash,COIN,73,19740.66,99276.44,4,,
2026-05-04 11:15:00,skip_no_cash,LEU,74,19740.66,99276.44,4,,
2026-05-04 11:20:00,exit,CCJ,53,39280.46,98780.28,3,-0.01484,False
2026-05-04 11:35:00,entry,IONQ,75,19548.07,98661.92,4,,
2026-05-04 11:35:00,skip_no_cash,WOLF,76,19548.07,98508.97,4,,
2026-05-04 11:35:00,skip_no_cash,CORZ,77,19548.07,98508.97,4,,
2026-05-04 11:35:00,skip_no_cash,NIO,78,19548.07,98508.97,4,,
2026-05-04 11:35:00,skip_no_cash,XPEV,79,19548.07,98508.97,4,,
2026-05-04 11:40:00,skip_no_cash,HIVE,80,19548.07,98953.31,4,,
2026-05-04 11:55:00,skip_no_cash,LAES,81,19548.07,99014.15,4,,
2026-05-04 11:55:00,skip_no_cash,SOUN,82,19548.07,99014.15,4,,
2026-05-04 11:55:00,skip_no_cash,ARQQ,83,19548.07,99014.15,4,,
2026-05-04 11:55:00,skip_no_cash,RKLB,84,19548.07,99014.15,4,,
2026-05-04 12:10:00,exit,BBAI,56,38894.66,97683.85,3,-0.02684,False
2026-05-04 12:10:00,exit,IONQ,75,58203.81,97725.67,2,-0.02145,False
2026-05-04 12:30:00,entry,QUBT,85,38594.46,98046.76,3,,
2026-05-04 13:10:00,entry,AFRM,86,18972.61,98109.27,4,,
2026-05-04 13:45:00,skip_no_cash,SEDG,87,18972.61,98440.57,4,,
2026-05-04 13:50:00,skip_no_cash,LCID,88,18972.61,98519.23,4,,
2026-05-04 14:20:00,exit,CIFR,54,39139.54,98431.31,3,0.0179,True
2026-05-04 14:30:00,entry,NNE,89,19418.29,98606.28,4,,
2026-05-04 14:40:00,exit,BTDR,55,39329.84,98463.94,3,0.00041,False
2026-05-04 14:40:00,entry,LSCC,90,19637.05,98463.94,4,,
2026-05-04 14:50:00,entry,RIVN,91,25.88,98055.87,5,,
2026-05-04 15:00:00,skip_max_positions,HUT,92,25.88,98149.41,5,,
2026-05-04 15:05:00,skip_max_positions,ACHR,93,25.88,98348.14,5,,
2026-05-04 15:05:00,skip_max_positions,DNN,94,25.88,98348.14,5,,
2026-05-04 15:05:00,skip_max_positions,PLUG,95,25.88,98348.14,5,,
2026-05-04 15:10:00,skip_max_positions,BBAI,96,25.88,98288.06,5,,
2026-05-04 15:10:00,skip_max_positions,QS,97,25.88,98288.06,5,,
2026-05-04 15:20:00,exit,NNE,89,19407.69,97783.77,4,-0.01721,False
2026-05-04 15:35:00,skip_no_cash,SNDK,98,19407.69,97681.59,4,,
2026-05-04 15:35:00,skip_no_cash,LUNR,99,19407.69,97681.59,4,,
2026-05-04 15:40:00,skip_no_cash,HIVE,100,19407.69,97801.07,4,,
2026-05-04 15:55:00,exit,QUBT,85,38955.37,97560.62,3,-0.00314,False
2026-05-04 15:55:00,exit,AFRM,86,58505.91,97560.62,2,-0.00363,False
2026-05-04 15:55:00,exit,LSCC,90,78209.68,97560.62,1,0.00056,False
2026-05-04 15:55:00,exit,RIVN,91,97560.62,97560.62,0,-0.01327,False
2026-05-05 10:30:00,entry,HIVE,101,78048.49,97560.62,1,,
2026-05-05 10:45:00,entry,BTDR,102,58536.66,97559.15,2,,
2026-05-05 10:50:00,entry,CORZ,103,39023.1,97567.84,3,,
2026-05-05 10:50:00,entry,IREN,104,19504.95,97590.76,4,,
2026-05-05 10:55:00,skip_no_cash,UPST,105,19504.95,97591.04,4,,
2026-05-05 10:55:00,skip_no_cash,AI,106,19504.95,97591.04,4,,
2026-05-05 10:55:00,skip_no_cash,AFRM,107,19504.95,97591.04,4,,
2026-05-05 10:55:00,skip_no_cash,RIOT,108,19504.95,97591.04,4,,
2026-05-05 11:00:00,entry,CIFR,109,3.15,97509.0,5,,
2026-05-05 11:00:00,skip_max_positions,MU,110,3.15,97705.18,5,,
2026-05-05 11:05:00,skip_max_positions,ENVX,111,3.15,97275.06,5,,
2026-05-05 11:35:00,skip_max_positions,HOOD,112,3.15,98597.23,5,,
2026-05-05 11:45:00,skip_max_positions,AMKR,113,3.15,99732.23,5,,
2026-05-05 11:55:00,skip_max_positions,SEDG,114,3.15,99798.3,5,,
2026-05-05 12:10:00,skip_max_positions,BLDP,115,3.15,100119.47,5,,
2026-05-05 12:10:00,skip_max_positions,IONQ,116,3.15,100119.47,5,,
2026-05-05 12:10:00,skip_max_positions,CRDO,117,3.15,100119.47,5,,
2026-05-05 12:15:00,skip_max_positions,AEHR,118,3.15,99938.51,5,,
2026-05-05 12:15:00,skip_max_positions,COHR,119,3.15,99938.51,5,,
2026-05-05 12:15:00,skip_max_positions,LAC,120,3.15,99938.51,5,,
2026-05-05 12:40:00,skip_max_positions,SNDK,121,3.15,99471.5,5,,
2026-05-05 12:40:00,skip_max_positions,WULF,122,3.15,99471.5,5,,
2026-05-05 12:50:00,skip_max_positions,ALB,123,3.15,100420.59,5,,
2026-05-05 12:55:00,skip_max_positions,MRVL,124,3.15,100852.53,5,,
2026-05-05 12:55:00,skip_max_positions,AMD,125,3.15,100852.53,5,,
2026-05-05 12:55:00,skip_max_positions,MPWR,126,3.15,100852.53,5,,
2026-05-05 12:55:00,skip_max_positions,ALAB,127,3.15,100852.53,5,,
2026-05-05 13:00:00,exit,CIFR,109,21210.16,101296.99,4,0.08744,True
2026-05-05 13:05:00,entry,LRCX,128,1013.29,100984.35,5,,
2026-05-05 13:05:00,skip_max_positions,WOLF,129,1013.29,100959.26,5,,
2026-05-05 13:20:00,exit,HIVE,101,21625.72,101779.76,4,0.05639,True
2026-05-05 14:15:00,entry,KLAC,130,1069.49,102781.16,5,,
2026-05-05 14:30:00,exit,CORZ,103,21463.37,103434.48,4,0.04511,True
2026-05-05 14:35:00,exit,IREN,104,42953.71,103383.82,3,0.10104,True
2026-05-05 14:35:00,entry,LSCC,131,22276.95,103383.82,4,,
2026-05-05 14:45:00,exit,BTDR,102,42059.11,103079.64,3,0.01385,True
2026-05-05 14:55:00,entry,OKLO,132,21438.98,103100.67,4,,
2026-05-05 14:55:00,entry,CIFR,133,791.41,103237.83,5,,
2026-05-05 14:55:00,skip_max_positions,QBTS,134,791.41,103175.38,5,,
2026-05-05 14:55:00,skip_max_positions,QUBT,135,791.41,103175.38,5,,
2026-05-05 14:55:00,skip_max_positions,SMR,136,791.41,103175.38,5,,
2026-05-05 15:15:00,exit,LSCC,131,20964.11,102693.31,4,-0.02438,False
2026-05-05 15:15:00,entry,BBAI,137,425.45,102693.31,5,,
2026-05-05 15:15:00,skip_max_positions,CLSK,138,425.45,102743.52,5,,
2026-05-05 15:15:00,skip_max_positions,IREN,139,425.45,102743.52,5,,
2026-05-05 15:15:00,skip_max_positions,BTDR,140,425.45,102743.52,5,,
2026-05-05 15:15:00,skip_max_positions,LAES,141,425.45,102743.52,5,,
2026-05-05 15:20:00,exit,LRCX,128,20423.78,102808.21,4,-0.00983,False
2026-05-05 15:25:00,skip_no_cash,ASTS,142,20423.78,102497.97,4,,
2026-05-05 15:25:00,skip_no_cash,MCHP,143,20423.78,102497.97,4,,
2026-05-05 15:25:00,skip_no_cash,LUNR,144,20423.78,102497.97,4,,
2026-05-05 15:40:00,skip_no_cash,RGTI,145,20423.78,103329.65,4,,
2026-05-05 15:40:00,skip_no_cash,ARM,146,20423.78,103329.65,4,,
2026-05-05 15:40:00,skip_no_cash,SMCI,147,20423.78,103329.65,4,,
2026-05-05 15:40:00,skip_no_cash,QS,148,20423.78,103329.65,4,,
2026-05-05 15:55:00,exit,KLAC,130,40722.39,103613.45,3,-0.01253,False
2026-05-05 15:55:00,exit,OKLO,132,61565.04,103613.45,2,0.01079,True
2026-05-05 15:55:00,exit,CIFR,133,82823.71,103613.45,1,0.0296,True
2026-05-05 15:55:00,exit,BBAI,137,103613.45,103613.45,0,0.01222,True
2026-05-06 10:20:00,entry,QBTS,149,82890.76,103613.45,1,,
2026-05-06 10:25:00,entry,LAC,150,62179.05,103558.56,2,,
2026-05-06 10:30:00,entry,SMR,151,41406.95,103860.47,3,,
2026-05-06 11:00:00,entry,PLTR,152,20686.74,103601.08,4,,
2026-05-06 11:00:00,skip_no_cash,PATH,153,20686.74,103557.03,4,,
2026-05-06 11:05:00,skip_no_cash,BLDP,154,20686.74,103678.53,4,,
2026-05-06 11:15:00,skip_no_cash,AI,155,20686.74,104115.34,4,,
2026-05-06 11:15:00,skip_no_cash,CCJ,156,20686.74,104115.34,4,,
2026-05-06 11:20:00,skip_no_cash,SOUN,157,20686.74,103885.13,4,,
2026-05-06 11:20:00,skip_no_cash,UEC,158,20686.74,103885.13,4,,
2026-05-06 11:20:00,skip_no_cash,DNN,159,20686.74,103885.13,4,,
2026-05-06 11:25:00,skip_no_cash,RGTI,160,20686.74,103975.35,4,,
2026-05-06 11:25:00,skip_no_cash,ASTS,161,20686.74,103975.35,4,,
2026-05-06 11:25:00,skip_no_cash,ACHR,162,20686.74,103975.35,4,,
2026-05-06 11:50:00,skip_no_cash,ON,163,20686.74,105194.63,4,,
2026-05-06 11:55:00,skip_no_cash,RKLB,164,20686.74,105080.85,4,,
2026-05-06 11:55:00,skip_no_cash,LUNR,165,20686.74,105080.85,4,,
2026-05-06 12:05:00,skip_no_cash,KLAC,166,20686.74,104805.79,4,,
2026-05-06 12:25:00,skip_no_cash,CORZ,167,20686.74,105411.62,4,,
2026-05-06 12:25:00,skip_no_cash,LAES,168,20686.74,105411.62,4,,
2026-05-06 12:30:00,skip_no_cash,ARQQ,169,20686.74,105351.56,4,,
2026-05-06 12:45:00,skip_no_cash,LRCX,170,20686.74,105254.51,4,,
2026-05-06 13:00:00,skip_no_cash,AEHR,171,20686.74,105903.89,4,,
2026-05-06 13:05:00,skip_no_cash,WULF,172,20686.74,105570.63,4,,
2026-05-06 13:05:00,skip_no_cash,JOBY,173,20686.74,105570.63,4,,
2026-05-06 13:10:00,skip_no_cash,MPWR,174,20686.74,105837.54,4,,
2026-05-06 13:10:00,skip_no_cash,BBAI,175,20686.74,105837.54,4,,
2026-05-06 13:10:00,skip_no_cash,QS,176,20686.74,105837.54,4,,
2026-05-06 13:25:00,skip_no_cash,HUT,177,20686.74,106492.94,4,,
2026-05-06 13:30:00,skip_no_cash,QUBT,178,20686.74,106690.25,4,,
2026-05-06 13:40:00,skip_no_cash,BTDR,179,20686.74,106471.7,4,,
2026-05-06 13:50:00,skip_no_cash,NNE,180,20686.74,106235.67,4,,
2026-05-06 13:55:00,skip_no_cash,WOLF,181,20686.74,105834.76,4,,
2026-05-06 13:55:00,skip_no_cash,LEU,182,20686.74,105834.76,4,,
2026-05-06 14:05:00,skip_no_cash,ARM,183,20686.74,106163.12,4,,
2026-05-06 14:05:00,skip_no_cash,CLSK,184,20686.74,106163.12,4,,
2026-05-06 14:10:00,skip_no_cash,ENVX,185,20686.74,106441.07,4,,
2026-05-06 14:15:00,skip_no_cash,OKLO,186,20686.74,106412.83,4,,
2026-05-06 14:20:00,exit,QBTS,149,42436.89,106619.02,3,0.04958,True
2026-05-06 14:25:00,exit,LAC,150,63956.25,106669.11,2,0.03899,True
2026-05-06 14:30:00,exit,SMR,151,85948.61,106635.6,1,0.05875,True
2026-05-06 15:00:00,exit,PLTR,152,106519.69,106519.69,0,-0.0072,False
2026-05-06 15:00:00,entry,IONQ,187,85215.76,106519.69,1,,
2026-05-06 15:00:00,entry,MCHP,188,63944.34,106357.1,2,,
2026-05-06 15:00:00,entry,SMR,189,42671.87,106362.34,3,,
2026-05-06 15:15:00,entry,AMD,190,21342.31,106647.8,4,,
2026-05-06 15:15:00,skip_no_cash,ALAB,191,21342.31,106712.25,4,,
2026-05-06 15:15:00,skip_no_cash,CRDO,192,21342.31,106712.25,4,,
2026-05-06 15:30:00,skip_no_cash,MARA,193,21342.31,106885.07,4,,
2026-05-06 15:40:00,skip_no_cash,RIOT,194,21342.31,107019.1,4,,
2026-05-06 15:55:00,exit,IONQ,187,42695.03,107145.08,3,0.00229,False
2026-05-06 15:55:00,exit,MCHP,188,64267.13,107145.08,2,0.01414,True
2026-05-06 15:55:00,exit,SMR,189,85674.14,107145.08,1,0.00632,False
2026-05-06 15:55:00,exit,AMD,190,107145.08,107145.08,0,0.00663,False
2026-05-07 10:35:00,entry,COHR,195,85716.06,107145.08,1,,
2026-05-07 10:40:00,entry,QCOM,196,64335.94,106900.6,2,,
2026-05-07 10:40:00,entry,MARA,197,42933.91,107010.15,3,,
2026-05-07 10:40:00,entry,CLSK,198,21528.58,107026.69,4,,
2026-05-07 11:00:00,skip_no_cash,DNN,199,21528.58,107836.32,4,,
2026-05-07 11:05:00,skip_no_cash,WOLF,200,21528.58,108038.31,4,,
2026-05-07 11:05:00,skip_no_cash,AVGO,201,21528.58,108038.31,4,,
2026-05-07 11:15:00,skip_no_cash,SOUN,202,21528.58,108185.0,4,,
2026-05-07 11:15:00,skip_no_cash,ACHR,203,21528.58,108185.0,4,,
2026-05-07 11:20:00,skip_no_cash,PLTR,204,21528.58,108131.18,4,,
2026-05-07 11:25:00,skip_no_cash,SNDK,205,21528.58,108483.71,4,,
2026-05-07 11:25:00,skip_no_cash,NIO,206,21528.58,108483.71,4,,
2026-05-07 11:30:00,exit,QCOM,196,44880.71,108695.78,3,0.09224,True
2026-05-07 11:35:00,entry,BBAI,207,23184.99,108478.63,4,,
2026-05-07 11:35:00,entry,BLDP,208,1487.75,108486.16,5,,
2026-05-07 11:35:00,skip_max_positions,AFRM,209,1487.75,108328.6,5,,
2026-05-07 11:40:00,skip_max_positions,ARQQ,210,1487.75,108380.22,5,,
2026-05-07 12:05:00,exit,BBAI,207,22757.09,106434.8,4,-0.01965,False
2026-05-07 12:05:00,exit,BLDP,208,43779.1,106476.66,3,-0.03112,False
2026-05-07 12:15:00,exit,MARA,197,64618.79,106063.3,2,-0.02628,False
2026-05-07 12:15:00,exit,CLSK,198,85329.73,106221.8,1,-0.03244,False
2026-05-07 12:35:00,entry,CRDO,211,64070.36,106296.88,2,,
2026-05-07 12:35:00,entry,AEHR,212,42843.17,106135.96,3,,
2026-05-07 12:35:00,entry,UEC,213,21668.78,105871.97,4,,
2026-05-07 13:15:00,exit,COHR,195,42388.82,105196.5,3,-0.03308,False
2026-05-07 14:30:00,entry,CORZ,214,21274.56,105571.33,4,,
2026-05-07 14:40:00,entry,GLW,215,174.23,105501.62,5,,
2026-05-07 15:40:00,skip_max_positions,MCHP,216,174.23,106262.22,5,,
2026-05-07 15:40:00,skip_max_positions,HUT,217,174.23,106262.22,5,,
2026-05-07 15:55:00,exit,CRDO,211,21208.99,106218.6,4,-0.01057,False
2026-05-07 15:55:00,exit,AEHR,212,42435.02,106218.6,3,-5e-05,False
2026-05-07 15:55:00,exit,UEC,213,63541.63,106218.6,2,-0.0032,False
2026-05-07 15:55:00,exit,CORZ,214,84880.26,106218.6,1,0.01063,True
2026-05-07 15:55:00,exit,GLW,215,106218.6,106218.6,0,0.01128,True
2026-05-08 10:45:00,entry,JOBY,218,84974.88,106218.6,1,,
2026-05-08 10:50:00,entry,LSCC,219,63670.28,106522.98,2,,
2026-05-08 10:55:00,entry,MU,220,42404.75,106327.7,3,,
2026-05-08 10:55:00,entry,SOUN,221,21100.23,106522.6,4,,
2026-05-08 10:55:00,skip_no_cash,QBTS,222,21100.23,106497.69,4,,
2026-05-08 11:00:00,skip_no_cash,SNDK,223,21100.23,106250.93,4,,
2026-05-08 11:05:00,skip_no_cash,MRVL,224,21100.23,106429.62,4,,
2026-05-08 11:35:00,skip_no_cash,QUBT,225,21100.23,106708.17,4,,
2026-05-08 11:35:00,skip_no_cash,ON,226,21100.23,106708.17,4,,
2026-05-08 11:35:00,skip_no_cash,COIN,227,21100.23,106708.17,4,,
2026-05-08 11:45:00,skip_no_cash,SMCI,228,21100.23,106644.7,4,,
2026-05-08 11:55:00,skip_no_cash,LUNR,229,21100.23,106506.94,4,,
2026-05-08 12:05:00,skip_no_cash,PLTR,230,21100.23,106762.03,4,,
2026-05-08 12:10:00,skip_no_cash,LCID,231,21100.23,106749.29,4,,
2026-05-08 12:20:00,skip_no_cash,AMD,232,21100.23,106888.77,4,,
2026-05-08 12:30:00,exit,MU,220,43258.12,107111.03,3,0.04196,True
2026-05-08 12:30:00,entry,QCOM,233,21835.91,107111.03,4,,
2026-05-08 12:35:00,entry,RKLB,234,413.89,107110.11,5,,
2026-05-08 12:35:00,skip_max_positions,XPEV,235,413.89,107095.11,5,,
2026-05-08 12:50:00,skip_max_positions,KLAC,236,413.89,106854.81,5,,
2026-05-08 13:05:00,skip_max_positions,MU,237,413.89,106798.46,5,,
2026-05-08 13:15:00,skip_max_positions,MARA,238,413.89,106833.48,5,,
2026-05-08 13:20:00,skip_max_positions,ASTS,239,413.89,106574.92,5,,
2026-05-08 13:25:00,skip_max_positions,AI,240,413.89,106933.27,5,,
2026-05-08 13:30:00,skip_max_positions,AMKR,241,413.89,106942.38,5,,
2026-05-08 13:30:00,skip_max_positions,FSLR,242,413.89,106942.38,5,,
2026-05-08 13:55:00,exit,QCOM,233,21288.03,107044.37,4,-0.02558,False
2026-05-08 13:55:00,skip_no_cash,BE,243,21288.03,107044.37,4,,
2026-05-08 13:55:00,skip_no_cash,AVGO,244,21288.03,107044.37,4,,
2026-05-08 14:05:00,skip_no_cash,PATH,245,21288.03,107493.75,4,,
2026-05-08 14:05:00,skip_no_cash,SEDG,246,21288.03,107493.75,4,,
2026-05-08 14:10:00,skip_no_cash,HIVE,247,21288.03,107709.83,4,,
2026-05-08 14:10:00,skip_no_cash,DNN,248,21288.03,107709.83,4,,
2026-05-08 14:15:00,skip_no_cash,WULF,249,21288.03,107622.79,4,,
2026-05-08 14:15:00,skip_no_cash,BBAI,250,21288.03,107622.79,4,,
2026-05-08 14:20:00,skip_no_cash,COHR,251,21288.03,107753.53,4,,
2026-05-08 14:30:00,skip_no_cash,NNE,252,21288.03,108302.1,4,,
2026-05-08 14:30:00,skip_no_cash,OKLO,253,21288.03,108302.1,4,,
2026-05-08 14:30:00,skip_no_cash,IREN,254,21288.03,108302.1,4,,
2026-05-08 14:30:00,skip_no_cash,CORZ,255,21288.03,108302.1,4,,
2026-05-08 14:40:00,skip_no_cash,ARQQ,256,21288.03,108020.13,4,,
2026-05-08 14:45:00,exit,JOBY,218,43276.96,107797.23,3,0.03508,True
2026-05-08 14:50:00,exit,LSCC,219,64718.43,107858.01,2,0.00642,False
2026-05-08 14:55:00,exit,SOUN,221,86158.32,107929.61,1,0.00635,False
2026-05-08 15:00:00,entry,LRCX,257,64539.41,108094.57,2,,
2026-05-08 15:00:00,entry,MPWR,258,42908.23,108155.89,3,,
2026-05-08 15:10:00,entry,LAES,259,21239.16,108345.32,4,,
2026-05-08 15:10:00,skip_no_cash,RGTI,260,21239.16,108291.33,4,,
2026-05-08 15:10:00,skip_no_cash,ADI,261,21239.16,108291.33,4,,
2026-05-08 15:10:00,skip_no_cash,SOUN,262,21239.16,108291.33,4,,
2026-05-08 15:10:00,skip_no_cash,UPST,263,21239.16,108291.33,4,,
2026-05-08 15:10:00,skip_no_cash,HOOD,264,21239.16,108291.33,4,,
2026-05-08 15:10:00,skip_no_cash,QBTS,265,21239.16,108291.33,4,,
2026-05-08 15:10:00,skip_no_cash,QS,266,21239.16,108291.33,4,,
2026-05-08 15:10:00,skip_no_cash,ENVX,267,21239.16,108291.33,4,,
2026-05-08 15:10:00,skip_no_cash,ENPH,268,21239.16,108291.33,4,,
2026-05-08 15:10:00,skip_no_cash,LAC,269,21239.16,108291.33,4,,
2026-05-08 15:10:00,skip_no_cash,RIVN,270,21239.16,108291.33,4,,
2026-05-08 15:35:00,exit,LAES,259,42251.59,107465.62,3,-0.0303,False
2026-05-08 15:35:00,entry,RIOT,271,20758.46,107465.62,4,,
2026-05-08 15:35:00,skip_no_cash,CLSK,272,20758.46,107586.12,4,,
2026-05-08 15:40:00,skip_no_cash,CRDO,273,20758.46,107580.8,4,,
2026-05-08 15:40:00,skip_no_cash,AEHR,274,20758.46,107580.8,4,,
2026-05-08 15:40:00,skip_no_cash,CIFR,275,20758.46,107580.8,4,,
2026-05-08 15:40:00,skip_no_cash,LEU,276,20758.46,107580.8,4,,
2026-05-08 15:55:00,exit,RKLB,234,43356.79,108175.53,3,0.05491,True
2026-05-08 15:55:00,exit,LRCX,257,64954.78,108175.53,2,-0.00097,False
2026-05-08 15:55:00,exit,MPWR,258,86682.4,108175.53,1,0.00446,False
2026-05-08 15:55:00,exit,RIOT,271,108175.53,108175.53,0,0.0,False
2026-05-11 10:40:00,entry,KLAC,277,86540.42,108175.53,1,,
2026-05-11 10:45:00,entry,AI,278,64905.0,108177.14,2,,
2026-05-11 10:45:00,entry,GLW,279,43302.95,108010.23,3,,
2026-05-11 10:45:00,entry,MRVL,280,21698.75,108020.98,4,,
2026-05-11 10:55:00,exit,AI,278,43078.38,108673.33,3,-0.01182,False
2026-05-11 11:00:00,entry,CORZ,281,21325.73,108763.27,4,,
2026-05-11 11:00:00,skip_no_cash,HUT,282,21325.73,108795.71,4,,
2026-05-11 11:00:00,skip_no_cash,WULF,283,21325.73,108795.71,4,,
2026-05-11 11:05:00,skip_no_cash,RKLB,284,21325.73,108734.01,4,,
2026-05-11 11:10:00,skip_no_cash,ASTS,285,21325.73,108526.92,4,,
2026-05-11 11:10:00,skip_no_cash,CIFR,286,21325.73,108526.92,4,,
2026-05-11 11:10:00,skip_no_cash,SPCE,287,21325.73,108526.92,4,,
2026-05-11 11:15:00,skip_no_cash,IONQ,288,21325.73,108313.96,4,,
2026-05-11 11:30:00,skip_no_cash,HIVE,289,21325.73,108895.47,4,,
2026-05-11 11:30:00,skip_no_cash,BE,290,21325.73,108895.47,4,,
2026-05-11 11:40:00,skip_no_cash,WOLF,291,21325.73,108902.06,4,,
2026-05-11 11:45:00,exit,CORZ,281,42809.6,108901.28,3,-0.01236,False
2026-05-11 11:45:00,entry,MARA,292,21029.34,108901.28,4,,
2026-05-11 11:50:00,skip_no_cash,CLSK,293,21029.34,108940.99,4,,
2026-05-11 11:50:00,skip_no_cash,FSLR,294,21029.34,108940.99,4,,
2026-05-11 11:55:00,skip_no_cash,AEHR,295,21029.34,108947.07,4,,
2026-05-11 11:55:00,skip_no_cash,COIN,296,21029.34,108947.07,4,,
2026-05-11 11:55:00,skip_no_cash,QBTS,297,21029.34,108947.07,4,,
2026-05-11 12:00:00,skip_no_cash,QS,298,21029.34,108937.15,4,,
2026-05-11 12:05:00,skip_no_cash,BTDR,299,21029.34,109060.99,4,,
2026-05-11 12:10:00,skip_no_cash,QUBT,300,21029.34,109248.45,4,,
2026-05-11 12:10:00,skip_no_cash,NNE,301,21029.34,109248.45,4,,
2026-05-11 12:10:00,skip_no_cash,OKLO,302,21029.34,109248.45,4,,
2026-05-11 12:10:00,skip_no_cash,LAES,303,21029.34,109248.45,4,,
2026-05-11 12:10:00,skip_no_cash,LUNR,304,21029.34,109248.45,4,,
2026-05-11 12:10:00,skip_no_cash,LEU,305,21029.34,109248.45,4,,
2026-05-11 12:15:00,skip_no_cash,JOBY,306,21029.34,109066.17,4,,
2026-05-11 12:30:00,skip_no_cash,BLDP,307,21029.34,108948.03,4,,
2026-05-11 12:35:00,skip_no_cash,ENPH,308,21029.34,108640.41,4,,
2026-05-11 12:40:00,skip_no_cash,RIOT,309,21029.34,108571.3,4,,
2026-05-11 12:50:00,skip_no_cash,AFRM,310,21029.34,108618.41,4,,
2026-05-11 12:55:00,skip_no_cash,IREN,311,21029.34,108510.35,4,,
2026-05-11 12:55:00,skip_no_cash,RUN,312,21029.34,108510.35,4,,
2026-05-11 12:55:00,skip_no_cash,MPWR,313,21029.34,108510.35,4,,
2026-05-11 12:55:00,skip_no_cash,HOOD,314,21029.34,108510.35,4,,
2026-05-11 12:55:00,skip_no_cash,CCJ,315,21029.34,108510.35,4,,
2026-05-11 12:55:00,skip_no_cash,UEC,316,21029.34,108510.35,4,,
2026-05-11 12:55:00,skip_no_cash,SEDG,317,21029.34,108510.35,4,,
2026-05-11 12:55:00,skip_no_cash,LAC,318,21029.34,108510.35,4,,
2026-05-11 12:55:00,skip_no_cash,RIVN,319,21029.34,108510.35,4,,
2026-05-11 13:00:00,skip_no_cash,COHR,320,21029.34,108614.5,4,,
2026-05-11 13:20:00,skip_no_cash,UPST,321,21029.34,108655.82,4,,
2026-05-11 13:25:00,skip_no_cash,ON,322,21029.34,108780.97,4,,
2026-05-11 13:30:00,skip_no_cash,MU,323,21029.34,108893.02,4,,
2026-05-11 13:50:00,skip_no_cash,PLUG,324,21029.34,108493.34,4,,
2026-05-11 13:55:00,skip_no_cash,RGTI,325,21029.34,108257.92,4,,
2026-05-11 14:10:00,skip_no_cash,CORZ,326,21029.34,108610.85,4,,
2026-05-11 14:10:00,skip_no_cash,ACHR,327,21029.34,108610.85,4,,
2026-05-11 14:10:00,skip_no_cash,BBAI,328,21029.34,108610.85,4,,
2026-05-11 14:15:00,skip_no_cash,ENVX,329,21029.34,108591.36,4,,
2026-05-11 14:15:00,skip_no_cash,CRDO,330,21029.34,108591.36,4,,
2026-05-11 14:20:00,exit,KLAC,277,42258.06,108500.6,3,-0.01878,False
2026-05-11 14:45:00,exit,GLW,279,64650.86,108546.0,2,0.03661,True
2026-05-11 14:45:00,exit,MRVL,280,86443.32,108546.0,1,0.00871,False
2026-05-11 14:50:00,entry,LCID,331,64756.65,108433.31,2,,
2026-05-11 14:55:00,entry,SMR,332,43150.68,108029.85,3,,
2026-05-11 14:55:00,entry,APP,333,21609.11,107707.86,4,,
2026-05-11 15:10:00,skip_no_cash,SNDK,334,21609.11,108679.52,4,,
2026-05-11 15:10:00,skip_no_cash,CSCO,335,21609.11,108679.52,4,,
2026-05-11 15:10:00,skip_no_cash,ARM,336,21609.11,108679.52,4,,
2026-05-11 15:10:00,skip_no_cash,AEHR,337,21609.11,108679.52,4,,
2026-05-11 15:15:00,skip_no_cash,AMD,338,21609.11,108198.01,4,,
2026-05-11 15:25:00,exit,MARA,292,43115.3,107229.32,3,-0.01258,False
2026-05-11 15:25:00,exit,LCID,331,64499.03,107247.14,2,-0.01397,False
2026-05-11 15:25:00,exit,SMR,332,85525.4,107287.39,1,-0.02683,False
2026-05-11 15:25:00,entry,DNN,339,64067.93,107287.39,2,,
2026-05-11 15:40:00,entry,ALAB,340,42645.14,107113.92,3,,
2026-05-11 15:55:00,exit,APP,333,64613.76,107387.86,2,0.01982,True
2026-05-11 15:55:00,exit,DNN,339,85766.68,107304.8,1,-0.01419,False
2026-05-11 15:55:00,exit,ALAB,340,107304.8,107304.8,0,0.00538,False
2026-05-12 10:45:00,entry,APP,341,85843.84,107304.8,1,,
2026-05-12 10:50:00,entry,HUT,342,64407.22,107183.09,2,,
2026-05-12 11:00:00,exit,HUT,342,85506.2,106845.02,1,-0.01575,False
2026-05-12 12:50:00,exit,APP,341,106502.67,106502.67,0,-0.02164,False
2026-05-12 14:05:00,entry,WULF,343,85202.13,106502.67,1,,
2026-05-12 14:15:00,entry,SPCE,344,63895.85,106531.4,2,,
2026-05-12 14:40:00,entry,BTDR,345,42506.44,106947.08,3,,
2026-05-12 14:40:00,entry,BLDP,346,21097.06,107046.88,4,,
2026-05-12 14:40:00,skip_no_cash,COHR,347,21097.06,107046.88,4,,
2026-05-12 14:40:00,skip_no_cash,RKLB,348,21097.06,107046.88,4,,
2026-05-12 14:40:00,skip_no_cash,RIOT,349,21097.06,107046.88,4,,
2026-05-12 14:40:00,skip_no_cash,CIFR,350,21097.06,107046.88,4,,
2026-05-12 14:40:00,skip_no_cash,HUT,351,21097.06,107046.88,4,,
2026-05-12 14:40:00,skip_no_cash,QBTS,352,21097.06,107046.88,4,,
2026-05-12 15:00:00,skip_no_cash,GLW,353,21097.06,106151.06,4,,
2026-05-12 15:10:00,skip_no_cash,MU,354,21097.06,106424.02,4,,
2026-05-12 15:10:00,skip_no_cash,OKLO,355,21097.06,106424.02,4,,
2026-05-12 15:10:00,skip_no_cash,AMKR,356,21097.06,106424.02,4,,
2026-05-12 15:10:00,skip_no_cash,LSCC,357,21097.06,106424.02,4,,
2026-05-12 15:10:00,skip_no_cash,CRDO,358,21097.06,106424.02,4,,
2026-05-12 15:10:00,skip_no_cash,BBAI,359,21097.06,106424.02,4,,
2026-05-12 15:10:00,skip_no_cash,CORZ,360,21097.06,106424.02,4,,
2026-05-12 15:10:00,skip_no_cash,QS,361,21097.06,106424.02,4,,
2026-05-12 15:10:00,skip_no_cash,LUNR,362,21097.06,106424.02,4,,
2026-05-12 15:10:00,skip_no_cash,NNE,363,21097.06,106424.02,4,,
2026-05-12 15:10:00,skip_no_cash,LEU,364,21097.06,106424.02,4,,
2026-05-12 15:10:00,skip_no_cash,PLUG,365,21097.06,106424.02,4,,
2026-05-12 15:10:00,skip_no_cash,LAC,366,21097.06,106424.02,4,,
2026-05-12 15:10:00,skip_no_cash,ALB,367,21097.06,106424.02,4,,
2026-05-12 15:10:00,skip_no_cash,LCID,368,21097.06,106424.02,4,,
2026-05-12 15:15:00,skip_no_cash,HIVE,369,21097.06,106441.13,4,,
2026-05-12 15:15:00,skip_no_cash,ENVX,370,21097.06,106441.13,4,,
2026-05-12 15:15:00,skip_no_cash,JOBY,371,21097.06,106441.13,4,,
2026-05-12 15:15:00,skip_no_cash,SMR,372,21097.06,106441.13,4,,
2026-05-12 15:20:00,exit,BTDR,345,42203.72,106249.5,3,-0.01322,False
2026-05-12 15:20:00,entry,IONQ,373,20953.82,106249.5,4,,
2026-05-12 15:25:00,exit,BLDP,346,42029.88,105970.0,3,-0.01557,False
2026-05-12 15:35:00,entry,APP,374,20626.8,107015.41,4,,
2026-05-12 15:40:00,skip_no_cash,ASTS,375,20626.8,107157.7,4,,
2026-05-12 15:40:00,skip_no_cash,COIN,376,20626.8,107157.7,4,,
2026-05-12 15:40:00,skip_no_cash,MARA,377,20626.8,107157.7,4,,
2026-05-12 15:40:00,skip_no_cash,IREN,378,20626.8,107157.7,4,,
2026-05-12 15:40:00,skip_no_cash,ACHR,379,20626.8,107157.7,4,,
2026-05-12 15:40:00,skip_no_cash,SEDG,380,20626.8,107157.7,4,,
2026-05-12 15:40:00,skip_no_cash,RIVN,381,20626.8,107157.7,4,,
2026-05-12 15:55:00,exit,WULF,343,42473.37,107118.86,3,0.02564,True
2026-05-12 15:55:00,exit,SPCE,344,63856.3,107118.86,2,0.0036,False
2026-05-12 15:55:00,exit,IONQ,373,85564.69,107118.86,1,0.02158,True
2026-05-12 15:55:00,exit,APP,374,107118.86,107118.86,0,0.00706,False
2026-05-13 10:25:00,entry,ON,382,85695.09,107118.86,1,,
2026-05-13 10:35:00,entry,FSLR,383,64268.11,107134.92,2,,
2026-05-13 10:50:00,entry,BTDR,384,42778.85,107446.3,3,,
2026-05-13 10:50:00,entry,ACHR,385,21286.28,107462.82,4,,
2026-05-13 11:00:00,skip_no_cash,SPCE,386,21286.28,107723.25,4,,
2026-05-13 11:15:00,skip_no_cash,NIO,387,21286.28,108293.93,4,,
2026-05-13 11:20:00,skip_no_cash,SMR,388,21286.28,108285.27,4,,
2026-05-13 11:20:00,skip_no_cash,CIFR,389,21286.28,108285.27,4,,
2026-05-13 11:20:00,skip_no_cash,UEC,390,21286.28,108285.27,4,,
2026-05-13 11:40:00,skip_no_cash,LUNR,391,21286.28,107921.72,4,,
2026-05-13 11:40:00,skip_no_cash,RUN,392,21286.28,107921.72,4,,
2026-05-13 11:40:00,skip_no_cash,ENPH,393,21286.28,107921.72,4,,
2026-05-13 11:45:00,skip_no_cash,BBAI,394,21286.28,107989.9,4,,
2026-05-13 11:45:00,skip_no_cash,ENVX,395,21286.28,107989.9,4,,
2026-05-13 11:55:00,skip_no_cash,JOBY,396,21286.28,107211.65,4,,
2026-05-13 12:10:00,skip_no_cash,QS,397,21286.28,107648.51,4,,
2026-05-13 12:10:00,skip_no_cash,ASTS,398,21286.28,107648.51,4,,
2026-05-13 12:10:00,skip_no_cash,ARM,399,21286.28,107648.51,4,,
2026-05-13 12:10:00,skip_no_cash,HOOD,400,21286.28,107648.51,4,,
2026-05-13 12:10:00,skip_no_cash,BLDP,401,21286.28,107648.51,4,,
2026-05-13 12:10:00,skip_no_cash,XPEV,402,21286.28,107648.51,4,,
2026-05-13 12:15:00,skip_no_cash,LCID,403,21286.28,107750.81,4,,
2026-05-13 12:35:00,skip_no_cash,ALAB,404,21286.28,108065.2,4,,
2026-05-13 13:00:00,skip_no_cash,QUBT,405,21286.28,107738.22,4,,
2026-05-13 13:00:00,skip_no_cash,BE,406,21286.28,107738.22,4,,
2026-05-13 13:05:00,skip_no_cash,DNN,407,21286.28,107784.82,4,,
2026-05-13 13:05:00,skip_no_cash,NNE,408,21286.28,107784.82,4,,
2026-05-13 13:05:00,skip_no_cash,IONQ,409,21286.28,107784.82,4,,
2026-05-13 13:05:00,skip_no_cash,MPWR,410,21286.28,107784.82,4,,
2026-05-13 13:05:00,skip_no_cash,ARQQ,411,21286.28,107784.82,4,,
2026-05-13 13:20:00,skip_no_cash,PLUG,412,21286.28,107864.6,4,,
2026-05-13 13:35:00,skip_no_cash,AEHR,413,21286.28,108038.13,4,,
2026-05-13 13:35:00,skip_no_cash,SOUN,414,21286.28,108038.13,4,,
2026-05-13 13:35:00,skip_no_cash,RIVN,415,21286.28,108038.13,4,,
2026-05-13 13:50:00,skip_no_cash,AI,416,21286.28,108159.44,4,,
2026-05-13 14:00:00,skip_no_cash,MARA,417,21286.28,107810.54,4,,
2026-05-13 14:00:00,skip_no_cash,RIOT,418,21286.28,107810.54,4,,
2026-05-13 14:00:00,skip_no_cash,CORZ,419,21286.28,107810.54,4,,
2026-05-13 14:05:00,skip_no_cash,HUT,420,21286.28,108058.74,4,,
2026-05-13 14:10:00,skip_no_cash,CLSK,421,21286.28,108065.64,4,,
2026-05-13 14:10:00,skip_no_cash,IREN,422,21286.28,108065.64,4,,
2026-05-13 14:15:00,skip_no_cash,CRDO,423,21286.28,108112.32,4,,
2026-05-13 14:25:00,exit,ON,382,43131.28,108159.03,3,0.01966,True
2026-05-13 14:35:00,exit,FSLR,383,64349.94,108388.08,2,-0.00972,False
2026-05-13 14:40:00,entry,RGTI,424,42700.47,108247.35,3,,
2026-05-13 14:45:00,entry,QBTS,425,21121.65,107894.11,4,,
2026-05-13 14:50:00,exit,BTDR,384,42999.07,108030.7,3,0.01806,True
2026-05-13 14:50:00,exit,ACHR,385,65002.58,108030.7,2,0.02377,True
2026-05-13 14:55:00,exit,QBTS,425,86241.1,107519.9,1,-0.01577,False
2026-05-13 15:00:00,entry,MU,426,64746.39,107473.55,2,,
2026-05-13 15:00:00,entry,WULF,427,43228.79,107588.03,3,,
2026-05-13 15:00:00,entry,ALB,428,21706.57,107611.06,4,,
2026-05-13 15:10:00,entry,RKLB,429,153.2,107766.9,5,,
2026-05-13 15:10:00,skip_max_positions,SMCI,430,153.2,107772.01,5,,
2026-05-13 15:10:00,skip_max_positions,GLW,431,153.2,107772.01,5,,
2026-05-13 15:10:00,skip_max_positions,CSCO,432,153.2,107772.01,5,,
2026-05-13 15:10:00,skip_max_positions,LSCC,433,153.2,107772.01,5,,
2026-05-13 15:10:00,skip_max_positions,COHR,434,153.2,107772.01,5,,
2026-05-13 15:20:00,skip_max_positions,ADI,435,153.2,107550.1,5,,
2026-05-13 15:25:00,exit,RGTI,424,21235.5,107420.04,4,-0.0262,False
2026-05-13 15:25:00,skip_no_cash,TSM,436,21235.5,107420.04,4,,
2026-05-13 15:35:00,skip_no_cash,COIN,437,21235.5,107562.79,4,,
2026-05-13 15:35:00,skip_no_cash,CIFR,438,21235.5,107562.79,4,,
2026-05-13 15:40:00,skip_no_cash,ASML,439,21235.5,107387.02,4,,
2026-05-13 15:50:00,exit,RKLB,429,42509.52,106617.5,3,-0.01296,False
2026-05-13 15:55:00,exit,MU,426,64099.36,106813.68,2,0.00443,False
2026-05-13 15:55:00,exit,WULF,427,85395.9,106813.67,1,-0.01027,False
2026-05-13 15:55:00,exit,ALB,428,106813.68,106813.68,0,-0.00485,False
2026-05-14 10:35:00,entry,QBTS,440,85450.94,106813.68,1,,
2026-05-14 10:35:00,entry,RGTI,441,64038.0,107064.7,2,,
2026-05-14 10:40:00,entry,SPCE,442,42495.05,107714.75,3,,
2026-05-14 10:50:00,exit,QBTS,440,64595.49,109028.51,2,0.03453,True
2026-05-14 10:50:00,entry,BBAI,443,42789.79,109028.51,3,,
2026-05-14 11:00:00,entry,IREN,444,21204.58,107926.02,4,,
2026-05-14 11:15:00,skip_no_cash,SMCI,445,21204.58,109019.95,4,,
2026-05-14 11:15:00,skip_no_cash,AI,446,21204.58,109019.95,4,,
2026-05-14 11:15:00,skip_no_cash,BTDR,447,21204.58,109019.95,4,,
2026-05-14 11:15:00,skip_no_cash,SEDG,448,21204.58,109019.95,4,,
2026-05-14 11:20:00,skip_no_cash,IONQ,449,21204.58,108929.54,4,,
2026-05-14 11:20:00,skip_no_cash,NNE,450,21204.58,108929.54,4,,
2026-05-14 11:20:00,skip_no_cash,SMR,451,21204.58,108929.54,4,,
2026-05-14 11:40:00,skip_no_cash,CLSK,452,21204.58,109055.46,4,,
2026-05-14 11:40:00,skip_no_cash,LAES,453,21204.58,109055.46,4,,
2026-05-14 11:40:00,skip_no_cash,RUN,454,21204.58,109055.46,4,,
2026-05-14 11:50:00,skip_no_cash,PLUG,455,21204.58,109327.92,4,,
2026-05-14 11:50:00,skip_no_cash,ARM,456,21204.58,109327.92,4,,
2026-05-14 12:05:00,skip_no_cash,AMD,457,21204.58,109776.89,4,,
2026-05-14 12:05:00,skip_no_cash,AVGO,458,21204.58,109776.89,4,,
2026-05-14 12:05:00,skip_no_cash,CIFR,459,21204.58,109776.89,4,,
2026-05-14 12:05:00,skip_no_cash,HIVE,460,21204.58,109776.89,4,,
2026-05-14 12:10:00,skip_no_cash,QUBT,461,21204.58,109884.2,4,,
2026-05-14 12:15:00,skip_no_cash,ON,462,21204.58,109762.96,4,,
2026-05-14 12:15:00,skip_no_cash,QBTS,463,21204.58,109762.96,4,,
2026-05-14 12:25:00,skip_no_cash,ASML,464,21204.58,109986.27,4,,
2026-05-14 12:40:00,skip_no_cash,CORZ,465,21204.58,110061.64,4,,
2026-05-14 12:40:00,skip_no_cash,CRDO,466,21204.58,110061.64,4,,
2026-05-14 12:40:00,skip_no_cash,PLTR,467,21204.58,110061.64,4,,
2026-05-14 13:00:00,skip_no_cash,GLW,468,21204.58,110275.73,4,,
2026-05-14 13:05:00,skip_no_cash,ACHR,469,21204.58,110037.66,4,,
2026-05-14 13:05:00,skip_no_cash,PATH,470,21204.58,110037.66,4,,
2026-05-14 13:05:00,skip_no_cash,ARQQ,471,21204.58,110037.66,4,,
2026-05-14 13:05:00,skip_no_cash,RIVN,472,21204.58,110037.66,4,,
2026-05-14 13:10:00,skip_no_cash,LCID,473,21204.58,109198.44,4,,
2026-05-14 13:10:00,skip_no_cash,MARA,474,21204.58,109198.44,4,,
2026-05-14 13:10:00,skip_no_cash,OKLO,475,21204.58,109198.44,4,,
2026-05-14 13:10:00,skip_no_cash,AFRM,476,21204.58,109198.44,4,,
2026-05-14 13:10:00,skip_no_cash,RIOT,477,21204.58,109198.44,4,,
2026-05-14 13:10:00,skip_no_cash,QS,478,21204.58,109198.44,4,,
2026-05-14 13:20:00,exit,IREN,444,42461.29,108268.93,3,-0.01522,False
2026-05-14 13:25:00,entry,APP,479,20753.28,108540.03,4,,
2026-05-14 13:30:00,skip_no_cash,KLAC,480,20753.28,108940.59,4,,
2026-05-14 13:30:00,skip_no_cash,HUT,481,20753.28,108940.59,4,,
2026-05-14 13:30:00,skip_no_cash,BE,482,20753.28,108940.59,4,,
2026-05-14 13:35:00,skip_no_cash,ALAB,483,20753.28,109539.96,4,,
2026-05-14 13:35:00,skip_no_cash,LUNR,484,20753.28,109539.96,4,,
2026-05-14 13:40:00,skip_no_cash,RKLB,485,20753.28,109445.74,4,,
2026-05-14 13:40:00,skip_no_cash,AEHR,486,20753.28,109445.74,4,,
2026-05-14 13:40:00,skip_no_cash,UPST,487,20753.28,109445.74,4,,
2026-05-14 13:40:00,skip_no_cash,WULF,488,20753.28,109445.74,4,,
2026-05-14 13:40:00,skip_no_cash,LEU,489,20753.28,109445.74,4,,
2026-05-14 13:40:00,skip_no_cash,FSLR,490,20753.28,109445.74,4,,
2026-05-14 14:25:00,skip_no_cash,MU,491,20753.28,109683.69,4,,
2026-05-14 14:35:00,exit,RGTI,441,43805.29,110229.49,3,0.07655,True
2026-05-14 14:40:00,exit,SPCE,442,65799.4,109962.17,2,0.02094,True
2026-05-14 14:40:00,entry,LRCX,492,43806.97,109962.17,3,,
2026-05-14 14:40:00,entry,XPEV,493,21817.18,109948.95,4,,
2026-05-14 14:50:00,exit,BBAI,443,43904.41,109898.04,3,0.01291,True
2026-05-14 14:55:00,entry,COIN,494,21925.18,109896.18,4,,
2026-05-14 15:05:00,skip_no_cash,SOUN,495,21925.18,109858.79,4,,
2026-05-14 15:10:00,skip_no_cash,RGTI,496,21925.18,109643.8,4,,
2026-05-14 15:10:00,skip_no_cash,ASTS,497,21925.18,109643.8,4,,
2026-05-14 15:10:00,skip_no_cash,HOOD,498,21925.18,109643.8,4,,
2026-05-14 15:15:00,exit,COIN,494,43597.34,109607.03,3,-0.01397,False
2026-05-14 15:25:00,entry,ACHR,499,21706.48,109454.31,4,,
2026-05-14 15:30:00,exit,ACHR,499,43393.73,109382.09,3,-0.0093,False
2026-05-14 15:40:00,entry,WOLF,500,21537.08,109283.24,4,,
2026-05-14 15:55:00,exit,APP,479,43475.5,109128.64,3,0.01061,True
2026-05-14 15:55:00,exit,LRCX,492,65443.7,109128.64,2,-0.0011,False
2026-05-14 15:55:00,exit,XPEV,493,87324.8,109128.64,1,-0.00494,False
2026-05-14 15:55:00,exit,WOLF,500,109128.64,109128.64,0,-0.00242,False
2026-05-15 10:15:00,entry,PLUG,501,87302.92,109128.64,1,,
2026-05-15 10:25:00,entry,QCOM,502,65527.29,108878.12,2,,
2026-05-15 10:40:00,entry,BLDP,503,43723.82,109017.38,3,,
2026-05-15 10:40:00,entry,JOBY,504,21928.96,108974.29,4,,
2026-05-15 10:40:00,entry,ACHR,505,123.66,109026.48,5,,
2026-05-15 10:40:00,skip_max_positions,FSLR,506,123.66,109044.15,5,,
2026-05-15 10:45:00,skip_max_positions,GLW,507,123.66,108213.13,5,,
2026-05-15 10:45:00,skip_max_positions,AMKR,508,123.66,108213.13,5,,
2026-05-15 10:45:00,skip_max_positions,AMD,509,123.66,108213.13,5,,
2026-05-15 10:45:00,skip_max_positions,MRVL,510,123.66,108213.13,5,,
2026-05-15 10:50:00,skip_max_positions,LEU,511,123.66,108290.49,5,,
2026-05-15 11:00:00,skip_max_positions,AFRM,512,123.66,107575.87,5,,
2026-05-15 11:05:00,skip_max_positions,SNDK,513,123.66,107619.07,5,,
2026-05-15 11:05:00,skip_max_positions,CSCO,514,123.66,107619.07,5,,
2026-05-15 11:05:00,skip_max_positions,TSM,515,123.66,107619.07,5,,
2026-05-15 11:05:00,skip_max_positions,ASML,516,123.66,107619.07,5,,
2026-05-15 11:05:00,skip_max_positions,BE,517,123.66,107619.07,5,,
2026-05-15 11:15:00,skip_max_positions,CRDO,518,123.66,107155.2,5,,
2026-05-15 11:15:00,skip_max_positions,COHR,519,123.66,107155.2,5,,
2026-05-15 11:20:00,skip_max_positions,ENPH,520,123.66,107405.43,5,,
2026-05-15 11:20:00,skip_max_positions,ARM,521,123.66,107405.43,5,,
2026-05-15 11:20:00,skip_max_positions,PATH,522,123.66,107405.43,5,,
2026-05-15 11:55:00,exit,PLUG,501,21069.32,106604.17,4,-0.04032,False
2026-05-15 11:55:00,exit,QCOM,502,42184.12,106569.22,3,-0.03035,False
2026-05-15 12:05:00,exit,BLDP,503,63405.88,106480.02,2,-0.02668,False
2026-05-15 12:10:00,entry,KLAC,523,42123.58,106411.49,3,,
2026-05-15 12:10:00,entry,SOUN,524,20848.6,106374.89,4,,
2026-05-15 13:30:00,skip_no_cash,AEHR,525,20848.6,107165.11,4,,
2026-05-15 13:30:00,skip_no_cash,APP,526,20848.6,107165.11,4,,
2026-05-15 14:15:00,skip_no_cash,ARQQ,527,20848.6,107063.65,4,,
2026-05-15 14:30:00,skip_no_cash,SEDG,528,20848.6,106938.61,4,,
2026-05-15 14:30:00,skip_no_cash,CIFR,529,20848.6,106938.61,4,,
2026-05-15 14:30:00,skip_no_cash,WULF,530,20848.6,106938.61,4,,
2026-05-15 14:40:00,exit,JOBY,504,42779.16,107320.3,3,0.00623,False
2026-05-15 14:40:00,exit,ACHR,505,64425.42,107320.3,2,-0.00729,False
2026-05-15 14:40:00,entry,BTDR,531,42961.36,107320.3,3,,
2026-05-15 14:40:00,entry,LAES,532,21527.57,107168.91,4,,
2026-05-15 14:40:00,entry,JOBY,533,93.79,107168.91,5,,
2026-05-15 14:40:00,skip_max_positions,LCID,534,93.79,107189.34,5,,
2026-05-15 14:45:00,skip_max_positions,ENVX,535,93.79,107150.85,5,,
2026-05-15 14:45:00,skip_max_positions,RGTI,536,93.79,107150.85,5,,
2026-05-15 14:45:00,skip_max_positions,IONQ,537,93.79,107150.85,5,,
2026-05-15 14:45:00,skip_max_positions,ASTS,538,93.79,107150.85,5,,
2026-05-15 14:45:00,skip_max_positions,SMCI,539,93.79,107150.85,5,,
2026-05-15 14:45:00,skip_max_positions,ON,540,93.79,107150.85,5,,
2026-05-15 14:45:00,skip_max_positions,ALAB,541,93.79,107150.85,5,,
2026-05-15 14:45:00,skip_max_positions,HIVE,542,93.79,107150.85,5,,
2026-05-15 14:45:00,skip_max_positions,HUT,543,93.79,107150.85,5,,
2026-05-15 15:00:00,skip_max_positions,CLSK,544,93.79,107067.18,5,,
2026-05-15 15:00:00,skip_max_positions,IREN,545,93.79,107067.18,5,,
2026-05-15 15:00:00,skip_max_positions,ENPH,546,93.79,107067.18,5,,
2026-05-15 15:05:00,skip_max_positions,RUN,547,93.79,106919.41,5,,
2026-05-15 15:10:00,skip_max_positions,AFRM,548,93.79,107079.06,5,,
2026-05-15 15:15:00,skip_max_positions,SMR,549,93.79,107173.38,5,,
2026-05-15 15:20:00,skip_max_positions,QS,550,93.79,106450.65,5,,
2026-05-15 15:25:00,skip_max_positions,MCHP,551,93.79,106482.72,5,,
2026-05-15 15:35:00,skip_max_positions,PLTR,552,93.79,106918.29,5,,
2026-05-15 15:35:00,skip_max_positions,HOOD,553,93.79,106918.29,5,,
2026-05-15 15:40:00,skip_max_positions,RKLB,554,93.79,106665.46,5,,
2026-05-15 15:40:00,skip_max_positions,TSM,555,93.79,106665.46,5,,
2026-05-15 15:40:00,skip_max_positions,MPWR,556,93.79,106665.46,5,,
2026-05-15 15:40:00,skip_max_positions,SPCE,557,93.79,106665.46,5,,
2026-05-15 15:40:00,skip_max_positions,PLUG,558,93.79,106665.46,5,,
2026-05-15 15:55:00,exit,KLAC,523,21053.19,106239.63,4,-0.01517,False
2026-05-15 15:55:00,exit,SOUN,524,42391.74,106239.63,3,0.00299,False
2026-05-15 15:55:00,exit,BTDR,531,63664.37,106239.63,2,-0.00892,False
2026-05-15 15:55:00,exit,LAES,532,85061.13,106239.63,1,-0.00173,False
2026-05-15 15:55:00,exit,JOBY,533,106239.63,106239.63,0,-0.01191,False
2026-05-18 10:15:00,entry,RIOT,559,84991.7,106239.63,1,,
2026-05-18 10:15:00,entry,ARQQ,560,63758.45,106166.27,2,,
2026-05-18 10:30:00,exit,RIOT,559,84538.68,104810.43,1,-0.02201,False
2026-05-18 10:30:00,exit,ARQQ,560,105066.83,105066.83,0,-0.03321,False
2026-05-18 10:50:00,entry,SOUN,561,84053.47,105066.83,1,,
2026-05-18 12:45:00,entry,AI,562,63045.28,105040.94,2,,
2026-05-18 13:50:00,entry,COHR,563,41891.43,105769.23,3,,
2026-05-18 13:55:00,entry,LI,564,20732.69,105793.72,4,,
2026-05-18 14:05:00,skip_no_cash,CLSK,565,20732.69,105624.72,4,,
2026-05-18 14:15:00,skip_no_cash,PATH,566,20732.69,105328.69,4,,
2026-05-18 14:20:00,skip_no_cash,HIVE,567,20732.69,105498.33,4,,
2026-05-18 14:30:00,skip_no_cash,LSCC,568,20732.69,105679.91,4,,
2026-05-18 14:30:00,skip_no_cash,FSLR,569,20732.69,105679.91,4,,
2026-05-18 14:40:00,skip_no_cash,QS,570,20732.69,105583.43,4,,
2026-05-18 14:40:00,skip_no_cash,QCOM,571,20732.69,105583.43,4,,
2026-05-18 14:50:00,exit,SOUN,561,42121.52,105256.95,3,0.01787,True
2026-05-18 15:30:00,entry,AFRM,572,21018.02,105517.53,4,,
2026-05-18 15:30:00,skip_no_cash,ARQQ,573,21018.02,105553.89,4,,
2026-05-18 15:35:00,skip_no_cash,APP,574,21018.02,105753.01,4,,
2026-05-18 15:35:00,skip_no_cash,DNN,575,21018.02,105753.01,4,,
2026-05-18 15:35:00,skip_no_cash,PLUG,576,21018.02,105753.01,4,,
2026-05-18 15:40:00,skip_no_cash,OKLO,577,21018.02,105824.19,4,,
2026-05-18 15:40:00,skip_no_cash,AMKR,578,21018.02,105824.19,4,,
2026-05-18 15:40:00,skip_no_cash,ASTS,579,21018.02,105824.19,4,,
2026-05-18 15:40:00,skip_no_cash,RKLB,580,21018.02,105824.19,4,,
2026-05-18 15:40:00,skip_no_cash,SMCI,581,21018.02,105824.19,4,,
2026-05-18 15:40:00,skip_no_cash,ALAB,582,21018.02,105824.19,4,,
2026-05-18 15:40:00,skip_no_cash,BBAI,583,21018.02,105824.19,4,,
2026-05-18 15:40:00,skip_no_cash,MARA,584,21018.02,105824.19,4,,
2026-05-18 15:40:00,skip_no_cash,IREN,585,21018.02,105824.19,4,,
2026-05-18 15:40:00,skip_no_cash,CORZ,586,21018.02,105824.19,4,,
2026-05-18 15:40:00,skip_no_cash,QBTS,587,21018.02,105824.19,4,,
2026-05-18 15:40:00,skip_no_cash,QUBT,588,21018.02,105824.19,4,,
2026-05-18 15:40:00,skip_no_cash,LAES,589,21018.02,105824.19,4,,
2026-05-18 15:40:00,skip_no_cash,JOBY,590,21018.02,105824.19,4,,
2026-05-18 15:40:00,skip_no_cash,ACHR,591,21018.02,105824.19,4,,
2026-05-18 15:40:00,skip_no_cash,LUNR,592,21018.02,105824.19,4,,
2026-05-18 15:40:00,skip_no_cash,SMR,593,21018.02,105824.19,4,,
2026-05-18 15:40:00,skip_no_cash,LEU,594,21018.02,105824.19,4,,
2026-05-18 15:40:00,skip_no_cash,CCJ,595,21018.02,105824.19,4,,
2026-05-18 15:40:00,skip_no_cash,UEC,596,21018.02,105824.19,4,,
2026-05-18 15:40:00,skip_no_cash,BLDP,597,21018.02,105824.19,4,,
2026-05-18 15:40:00,skip_no_cash,LCID,598,21018.02,105824.19,4,,
2026-05-18 15:55:00,exit,AI,562,42269.36,105999.61,3,0.01157,True
2026-05-18 15:55:00,exit,COHR,563,63569.37,105999.61,2,0.00691,False
2026-05-18 15:55:00,exit,LI,564,84702.75,105999.61,1,-0.0012,False
2026-05-18 15:55:00,exit,AFRM,572,105999.61,105999.61,0,0.00916,False
2026-05-19 10:20:00,entry,AFRM,599,84799.69,105999.61,1,,
2026-05-19 10:30:00,entry,CLSK,600,63652.44,105736.21,2,,
2026-05-19 10:30:00,entry,AI,601,42533.25,105595.96,3,,
2026-05-19 11:00:00,entry,COIN,602,21306.9,106131.76,4,,
2026-05-19 11:40:00,skip_no_cash,SOUN,603,21306.9,106801.87,4,,
2026-05-19 12:25:00,entry,LSCC,604,39.15,106338.76,5,,
2026-05-19 12:30:00,skip_max_positions,ACHR,605,39.15,106805.59,5,,
2026-05-19 13:20:00,exit,CLSK,600,22588.93,108526.09,4,0.06632,True
2026-05-19 13:20:00,entry,ON,606,883.71,108526.09,5,,
2026-05-19 13:20:00,skip_max_positions,SPCE,607,883.71,108498.01,5,,
2026-05-19 13:40:00,skip_max_positions,MU,608,883.71,108731.91,5,,
2026-05-19 13:40:00,skip_max_positions,ARM,609,883.71,108731.91,5,,
2026-05-19 13:40:00,skip_max_positions,BTDR,610,883.71,108731.91,5,,
2026-05-19 13:40:00,skip_max_positions,ENPH,611,883.71,108731.91,5,,
2026-05-19 14:00:00,skip_max_positions,ASTS,612,883.71,108335.79,5,,
2026-05-19 14:00:00,skip_max_positions,BBAI,613,883.71,108335.79,5,,
2026-05-19 14:00:00,skip_max_positions,CLSK,614,883.71,108335.79,5,,
2026-05-19 14:00:00,skip_max_positions,QS,615,883.71,108335.79,5,,
2026-05-19 14:00:00,skip_max_positions,JOBY,616,883.71,108335.79,5,,
2026-05-19 14:00:00,skip_max_positions,LEU,617,883.71,108335.79,5,,
2026-05-19 14:00:00,skip_max_positions,CCJ,618,883.71,108335.79,5,,
2026-05-19 14:00:00,skip_max_positions,SEDG,619,883.71,108335.79,5,,
2026-05-19 14:00:00,skip_max_positions,BLDP,620,883.71,108335.79,5,,
2026-05-19 14:00:00,skip_max_positions,LAC,621,883.71,108335.79,5,,
2026-05-19 14:05:00,skip_max_positions,COHR,622,883.71,108356.85,5,,
2026-05-19 14:05:00,skip_max_positions,MRVL,623,883.71,108356.85,5,,
2026-05-19 14:05:00,skip_max_positions,SNDK,624,883.71,108356.85,5,,
2026-05-19 14:05:00,skip_max_positions,AMKR,625,883.71,108356.85,5,,
2026-05-19 14:05:00,skip_max_positions,AVGO,626,883.71,108356.85,5,,
2026-05-19 14:05:00,skip_max_positions,SMCI,627,883.71,108356.85,5,,
2026-05-19 14:05:00,skip_max_positions,TSM,628,883.71,108356.85,5,,
2026-05-19 14:05:00,skip_max_positions,KLAC,629,883.71,108356.85,5,,
2026-05-19 14:05:00,skip_max_positions,QCOM,630,883.71,108356.85,5,,
2026-05-19 14:05:00,skip_max_positions,HOOD,631,883.71,108356.85,5,,
2026-05-19 14:05:00,skip_max_positions,RIOT,632,883.71,108356.85,5,,
2026-05-19 14:05:00,skip_max_positions,IREN,633,883.71,108356.85,5,,
2026-05-19 14:05:00,skip_max_positions,WULF,634,883.71,108356.85,5,,
2026-05-19 14:05:00,skip_max_positions,RUN,635,883.71,108356.85,5,,
2026-05-19 14:05:00,skip_max_positions,LCID,636,883.71,108356.85,5,,
2026-05-19 14:10:00,skip_max_positions,ENVX,637,883.71,108390.25,5,,
2026-05-19 14:10:00,skip_max_positions,NNE,638,883.71,108390.25,5,,
2026-05-19 14:20:00,exit,AFRM,599,22156.07,108149.16,4,0.00342,False
2026-05-19 14:30:00,exit,AI,601,43371.37,108319.43,3,0.00455,False
2026-05-19 14:35:00,entry,BE,639,21710.8,108302.84,4,,
2026-05-19 14:35:00,entry,LUNR,640,70.97,108199.14,5,,
2026-05-19 14:40:00,skip_max_positions,OKLO,641,70.97,108008.44,5,,
2026-05-19 14:40:00,skip_max_positions,CORZ,642,70.97,108008.44,5,,
2026-05-19 14:40:00,skip_max_positions,DNN,643,70.97,108008.44,5,,
2026-05-19 14:45:00,skip_max_positions,MCHP,644,70.97,107898.24,5,,
2026-05-19 14:50:00,exit,BE,639,21518.84,107582.72,4,-0.00982,False
2026-05-19 14:55:00,skip_no_cash,ADI,645,21518.84,107699.99,4,,
2026-05-19 14:55:00,skip_no_cash,ASML,646,21518.84,107699.99,4,,
2026-05-19 15:00:00,exit,COIN,602,43076.94,108019.73,3,0.01563,True
2026-05-19 15:10:00,entry,WOLF,647,21351.96,108624.91,4,,
2026-05-19 15:10:00,skip_no_cash,IONQ,648,21351.96,108675.59,4,,
2026-05-19 15:10:00,skip_no_cash,UPST,649,21351.96,108675.59,4,,
2026-05-19 15:10:00,skip_no_cash,SMR,650,21351.96,108675.59,4,,
2026-05-19 15:10:00,skip_no_cash,UEC,651,21351.96,108675.59,4,,
2026-05-19 15:10:00,skip_no_cash,FSLR,652,21351.96,108675.59,4,,
2026-05-19 15:10:00,skip_no_cash,PLUG,653,21351.96,108675.59,4,,
2026-05-19 15:10:00,skip_no_cash,RIVN,654,21351.96,108675.59,4,,
2026-05-19 15:25:00,exit,WOLF,647,42461.5,107482.61,3,-0.02833,False
2026-05-19 15:35:00,entry,MARA,655,21038.87,107113.16,4,,
2026-05-19 15:35:00,skip_no_cash,LAES,656,21038.87,107190.91,4,,
2026-05-19 15:40:00,exit,LUNR,640,42178.46,107021.39,3,-0.02312,False
2026-05-19 15:40:00,entry,ARQQ,657,20774.19,107021.39,4,,
2026-05-19 15:50:00,exit,ON,606,42068.28,106402.78,3,-0.01894,False
2026-05-19 15:55:00,exit,LSCC,604,63714.2,106366.56,2,0.01778,True
2026-05-19 15:55:00,exit,MARA,655,85240.49,106366.56,1,0.00484,False
2026-05-19 15:55:00,exit,ARQQ,657,106366.56,106366.56,0,-0.013,False
2026-05-20 10:25:00,entry,TSM,658,85093.25,106366.56,1,,
2026-05-20 10:35:00,entry,FSLR,659,63810.81,106412.18,2,,
2026-05-20 10:40:00,entry,ENPH,660,42487.4,106617.09,3,,
2026-05-20 10:50:00,entry,ON,661,20920.59,107834.02,4,,
2026-05-20 10:50:00,skip_no_cash,IREN,662,20920.59,107842.86,4,,
2026-05-20 10:50:00,skip_no_cash,CORZ,663,20920.59,107842.86,4,,
2026-05-20 10:50:00,skip_no_cash,HUT,664,20920.59,107842.86,4,,
2026-05-20 10:55:00,skip_no_cash,LSCC,665,20920.59,107507.32,4,,
2026-05-20 10:55:00,skip_no_cash,COIN,666,20920.59,107507.32,4,,
2026-05-20 10:55:00,skip_no_cash,WULF,667,20920.59,107507.32,4,,
2026-05-20 11:05:00,skip_no_cash,COHR,668,20920.59,107761.43,4,,
2026-05-20 11:10:00,skip_no_cash,MRVL,669,20920.59,107693.9,4,,
2026-05-20 11:15:00,skip_no_cash,QCOM,670,20920.59,108032.5,4,,
2026-05-20 11:15:00,skip_no_cash,ALAB,671,20920.59,108032.5,4,,
2026-05-20 11:25:00,skip_no_cash,UPST,672,20920.59,107816.81,4,,
2026-05-20 11:25:00,skip_no_cash,RIOT,673,20920.59,107816.81,4,,
2026-05-20 11:25:00,skip_no_cash,CCJ,674,20920.59,107816.81,4,,
2026-05-20 11:40:00,skip_no_cash,RUN,675,20920.59,107917.73,4,,
2026-05-20 11:40:00,skip_no_cash,HIVE,676,20920.59,107917.73,4,,
2026-05-20 11:40:00,skip_no_cash,OKLO,677,20920.59,107917.73,4,,
2026-05-20 11:40:00,skip_no_cash,AMKR,678,20920.59,107917.73,4,,
2026-05-20 11:40:00,skip_no_cash,QS,679,20920.59,107917.73,4,,
2026-05-20 11:40:00,skip_no_cash,LAC,680,20920.59,107917.73,4,,
2026-05-20 11:45:00,skip_no_cash,NNE,681,20920.59,108293.8,4,,
2026-05-20 11:55:00,skip_no_cash,QBTS,682,20920.59,108718.83,4,,
2026-05-20 11:55:00,skip_no_cash,JOBY,683,20920.59,108718.83,4,,
2026-05-20 11:55:00,skip_no_cash,SMR,684,20920.59,108718.83,4,,
2026-05-20 11:55:00,skip_no_cash,RGTI,685,20920.59,108718.83,4,,
2026-05-20 11:55:00,skip_no_cash,IONQ,686,20920.59,108718.83,4,,
2026-05-20 11:55:00,skip_no_cash,PATH,687,20920.59,108718.83,4,,
2026-05-20 11:55:00,skip_no_cash,LAES,688,20920.59,108718.83,4,,
2026-05-20 12:05:00,skip_no_cash,SOUN,689,20920.59,109106.82,4,,
2026-05-20 12:10:00,skip_no_cash,ASTS,690,20920.59,109367.53,4,,
2026-05-20 12:15:00,skip_no_cash,PLTR,691,20920.59,109135.91,4,,
2026-05-20 12:20:00,skip_no_cash,ENVX,692,20920.59,108899.35,4,,
2026-05-20 12:35:00,skip_no_cash,UEC,693,20920.59,109001.64,4,,
2026-05-20 12:40:00,skip_no_cash,BE,694,20920.59,109294.09,4,,
2026-05-20 12:40:00,skip_no_cash,GLW,695,20920.59,109294.09,4,,
2026-05-20 12:40:00,skip_no_cash,RKLB,696,20920.59,109294.09,4,,
2026-05-20 12:40:00,skip_no_cash,AVGO,697,20920.59,109294.09,4,,
2026-05-20 12:40:00,skip_no_cash,SMCI,698,20920.59,109294.09,4,,
2026-05-20 12:40:00,skip_no_cash,ASML,699,20920.59,109294.09,4,,
2026-05-20 12:40:00,skip_no_cash,LRCX,700,20920.59,109294.09,4,,
2026-05-20 12:40:00,skip_no_cash,KLAC,701,20920.59,109294.09,4,,
2026-05-20 12:40:00,skip_no_cash,MPWR,702,20920.59,109294.09,4,,
2026-05-20 12:40:00,skip_no_cash,LUNR,703,20920.59,109294.09,4,,
2026-05-20 12:40:00,skip_no_cash,PLUG,704,20920.59,109294.09,4,,
2026-05-20 13:10:00,skip_no_cash,AMD,705,20920.59,108924.22,4,,
2026-05-20 13:10:00,skip_no_cash,LCID,706,20920.59,108924.22,4,,
2026-05-20 13:15:00,skip_no_cash,MCHP,707,20920.59,109113.9,4,,
2026-05-20 13:25:00,skip_no_cash,SEDG,708,20920.59,109348.21,4,,
2026-05-20 13:25:00,skip_no_cash,RIVN,709,20920.59,109348.21,4,,
2026-05-20 13:30:00,skip_no_cash,CRDO,710,20920.59,109125.66,4,,
2026-05-20 14:05:00,skip_no_cash,MARA,711,20920.59,109242.4,4,,
2026-05-20 14:25:00,exit,TSM,658,42326.02,109378.9,3,0.00621,False
2026-05-20 14:35:00,exit,FSLR,659,64631.04,109387.25,2,0.04805,True
2026-05-20 14:35:00,entry,ASTS,712,42753.59,109387.25,3,,
2026-05-20 14:40:00,exit,ENPH,660,65773.98,109055.34,2,0.07958,True
2026-05-20 14:40:00,entry,MU,713,43962.91,109055.34,3,,
2026-05-20 14:50:00,exit,ON,661,65424.58,108925.07,2,-0.00487,False
2026-05-20 15:10:00,entry,BTDR,714,43588.38,109180.96,3,,
2026-05-20 15:10:00,entry,ARQQ,715,21752.19,109180.96,4,,
2026-05-20 15:10:00,skip_no_cash,BLDP,716,21752.19,109180.96,4,,
2026-05-20 15:20:00,skip_no_cash,HOOD,717,21752.19,109164.65,4,,
2026-05-20 15:55:00,exit,ASTS,712,43012.24,109127.87,3,-0.02822,False
2026-05-20 15:55:00,exit,MU,713,64950.66,109127.87,2,0.00584,False
2026-05-20 15:55:00,exit,BTDR,714,86902.65,109127.87,1,0.0053,False
2026-05-20 15:55:00,exit,ARQQ,715,109127.87,109127.87,0,0.01782,True
2026-05-21 10:30:00,entry,AI,718,87302.3,109127.87,1,,
2026-05-21 10:30:00,entry,BTDR,719,65510.51,108958.94,2,,
2026-05-21 10:35:00,entry,LAC,720,43691.75,109093.77,3,,
2026-05-21 10:35:00,entry,ALAB,721,21842.94,109244.07,4,,
2026-05-21 10:40:00,skip_no_cash,LSCC,722,21842.94,109278.83,4,,
2026-05-21 10:40:00,skip_no_cash,ARM,723,21842.94,109278.83,4,,
2026-05-21 10:40:00,skip_no_cash,ENPH,724,21842.94,109278.83,4,,
2026-05-21 10:45:00,skip_no_cash,RIVN,725,21842.94,109372.4,4,,
2026-05-21 10:45:00,skip_no_cash,RUN,726,21842.94,109372.4,4,,
2026-05-21 11:00:00,skip_no_cash,APP,727,21842.94,109483.37,4,,
2026-05-21 11:00:00,skip_no_cash,WULF,728,21842.94,109483.37,4,,
2026-05-21 11:00:00,skip_no_cash,LEU,729,21842.94,109483.37,4,,
2026-05-21 11:05:00,skip_no_cash,GLW,730,21842.94,109317.8,4,,
2026-05-21 11:05:00,skip_no_cash,RIOT,731,21842.94,109317.8,4,,
2026-05-21 11:20:00,skip_no_cash,COIN,732,21842.94,109531.61,4,,
2026-05-21 11:25:00,exit,LAC,720,44138.48,109863.84,3,0.02185,True
2026-05-21 11:25:00,entry,PLTR,733,22165.71,109863.84,4,,
2026-05-21 11:25:00,entry,SMR,734,191.35,109871.82,5,,
2026-05-21 11:50:00,skip_max_positions,AEHR,735,191.35,109991.5,5,,
2026-05-21 11:50:00,skip_max_positions,SEDG,736,191.35,109991.5,5,,
2026-05-21 11:55:00,skip_max_positions,LAES,737,191.35,110107.82,5,,
2026-05-21 11:55:00,skip_max_positions,SPCE,738,191.35,110107.82,5,,
2026-05-21 12:05:00,skip_max_positions,UEC,739,191.35,110716.92,5,,
2026-05-21 12:10:00,skip_max_positions,QCOM,740,191.35,110580.03,5,,
2026-05-21 12:30:00,skip_max_positions,LUNR,741,191.35,110473.79,5,,
2026-05-21 12:35:00,skip_max_positions,BLDP,742,191.35,110176.29,5,,
2026-05-21 12:40:00,skip_max_positions,HUT,743,191.35,110460.12,5,,
2026-05-21 12:50:00,skip_max_positions,CORZ,744,191.35,110752.88,5,,
2026-05-21 12:50:00,skip_max_positions,ACHR,745,191.35,110752.88,5,,
2026-05-21 13:05:00,skip_max_positions,PLUG,746,191.35,110699.37,5,,
2026-05-21 13:20:00,skip_max_positions,IREN,747,191.35,111178.84,5,,
2026-05-21 13:20:00,skip_max_positions,ARQQ,748,191.35,111178.84,5,,
2026-05-21 13:35:00,skip_max_positions,CLSK,749,191.35,111398.82,5,,
2026-05-21 13:35:00,skip_max_positions,HIVE,750,191.35,111398.82,5,,
2026-05-21 13:35:00,skip_max_positions,QS,751,191.35,111398.82,5,,
2026-05-21 13:40:00,skip_max_positions,MU,752,191.35,111650.12,5,,
2026-05-21 13:45:00,skip_max_positions,FSLR,753,191.35,111888.22,5,,
2026-05-21 13:55:00,skip_max_positions,WOLF,754,191.35,111902.48,5,,
2026-05-21 14:00:00,skip_max_positions,MARA,755,191.35,112016.08,5,,
2026-05-21 14:10:00,skip_max_positions,QUBT,756,191.35,111970.22,5,,
2026-05-21 14:20:00,skip_max_positions,RGTI,757,191.35,112402.24,5,,
2026-05-21 14:20:00,skip_max_positions,QBTS,758,191.35,112402.24,5,,
2026-05-21 14:30:00,exit,AI,718,22229.86,112411.72,4,0.00976,False
2026-05-21 14:30:00,exit,BTDR,719,45103.22,112411.72,3,0.04963,True
2026-05-21 14:30:00,entry,OKLO,759,22620.88,112411.72,4,,
2026-05-21 14:30:00,entry,ON,760,141.33,112397.73,5,,
2026-05-21 14:30:00,skip_max_positions,LRCX,761,141.33,112455.84,5,,
2026-05-21 14:30:00,skip_max_positions,KLAC,762,141.33,112455.84,5,,
2026-05-21 14:30:00,skip_max_positions,COHR,763,141.33,112455.84,5,,
2026-05-21 14:30:00,skip_max_positions,SOUN,764,141.33,112455.84,5,,
2026-05-21 14:30:00,skip_max_positions,NNE,765,141.33,112455.84,5,,
2026-05-21 14:30:00,skip_max_positions,DNN,766,141.33,112455.84,5,,
2026-05-21 14:30:00,skip_max_positions,LAC,767,141.33,112455.84,5,,
2026-05-21 14:35:00,exit,ALAB,721,22404.34,112217.92,4,0.01896,True
2026-05-21 14:35:00,skip_no_cash,MCHP,768,22404.34,112217.92,4,,
2026-05-21 14:45:00,skip_no_cash,AMKR,769,22404.34,112130.83,4,,
2026-05-21 15:05:00,skip_no_cash,TSM,770,22404.34,112023.91,4,,
2026-05-21 15:05:00,skip_no_cash,AI,771,22404.34,112023.91,4,,
2026-05-21 15:05:00,skip_no_cash,CIFR,772,22404.34,112023.91,4,,
2026-05-21 15:05:00,skip_no_cash,BE,773,22404.34,112023.91,4,,
2026-05-21 15:10:00,skip_no_cash,GLW,774,22404.34,112025.81,4,,
2026-05-21 15:10:00,skip_no_cash,AMD,775,22404.34,112025.81,4,,
2026-05-21 15:10:00,skip_no_cash,SMCI,776,22404.34,112025.81,4,,
2026-05-21 15:10:00,skip_no_cash,ASML,777,22404.34,112025.81,4,,
2026-05-21 15:10:00,skip_no_cash,BBAI,778,22404.34,112025.81,4,,
2026-05-21 15:10:00,skip_no_cash,UPST,779,22404.34,112025.81,4,,
2026-05-21 15:10:00,skip_no_cash,AFRM,780,22404.34,112025.81,4,,
2026-05-21 15:10:00,skip_no_cash,HOOD,781,22404.34,112025.81,4,,
2026-05-21 15:10:00,skip_no_cash,JOBY,782,22404.34,112025.81,4,,
2026-05-21 15:10:00,skip_no_cash,LUNR,783,22404.34,112025.81,4,,
2026-05-21 15:10:00,skip_no_cash,CCJ,784,22404.34,112025.81,4,,
2026-05-21 15:10:00,skip_no_cash,RIVN,785,22404.34,112025.81,4,,
2026-05-21 15:20:00,skip_no_cash,NIO,786,22404.34,112233.84,4,,
2026-05-21 15:25:00,exit,PLTR,733,44348.34,112254.94,3,-0.00131,False
2026-05-21 15:25:00,exit,SMR,734,67171.02,112254.94,2,0.0386,True
2026-05-21 15:40:00,entry,LCID,787,44722.22,112244.03,3,,
2026-05-21 15:55:00,exit,OKLO,759,67487.82,112587.25,2,0.0126,True
2026-05-21 15:55:00,exit,ON,760,90234.05,112587.25,1,0.01186,True
2026-05-21 15:55:00,exit,LCID,787,112587.25,112587.25,0,-0.00426,False
2026-05-22 10:20:00,entry,CSCO,788,90069.8,112587.25,1,,
2026-05-22 10:20:00,entry,RKLB,789,67560.27,112547.63,2,,
2026-05-22 10:25:00,entry,BLDP,790,45034.33,112629.72,3,,
2026-05-22 10:35:00,entry,MPWR,791,22266.26,113840.33,4,,
2026-05-22 10:40:00,skip_no_cash,QS,792,22266.26,113880.58,4,,
2026-05-22 10:40:00,skip_no_cash,NNE,793,22266.26,113880.58,4,,
2026-05-22 11:00:00,skip_no_cash,ENPH,794,22266.26,113621.12,4,,
2026-05-22 11:05:00,skip_no_cash,SMCI,795,22266.26,113663.72,4,,
2026-05-22 11:10:00,skip_no_cash,QUBT,796,22266.26,113795.23,4,,
2026-05-22 11:10:00,skip_no_cash,LAES,797,22266.26,113795.23,4,,
2026-05-22 11:10:00,skip_no_cash,RGTI,798,22266.26,113795.23,4,,
2026-05-22 11:10:00,skip_no_cash,ON,799,22266.26,113795.23,4,,
2026-05-22 11:10:00,skip_no_cash,QBTS,800,22266.26,113795.23,4,,
2026-05-22 11:15:00,skip_no_cash,LCID,801,22266.26,114033.02,4,,
2026-05-22 11:15:00,skip_no_cash,ENVX,802,22266.26,114033.02,4,,
2026-05-22 11:15:00,skip_no_cash,JOBY,803,22266.26,114033.02,4,,
2026-05-22 11:15:00,skip_no_cash,ACHR,804,22266.26,114033.02,4,,
2026-05-22 11:15:00,skip_no_cash,LUNR,805,22266.26,114033.02,4,,
2026-05-22 11:15:00,skip_no_cash,FSLR,806,22266.26,114033.02,4,,
2026-05-22 11:20:00,exit,BLDP,790,46191.21,114355.95,3,0.06211,True
2026-05-22 11:20:00,entry,BTDR,807,23320.02,114355.95,4,,
2026-05-22 11:35:00,entry,MRVL,808,486.9,114165.62,5,,
2026-05-22 11:40:00,skip_max_positions,HIVE,809,486.9,114290.42,5,,
2026-05-22 11:45:00,skip_max_positions,QCOM,810,486.9,114130.63,5,,
2026-05-22 11:55:00,skip_max_positions,ASTS,811,486.9,114324.7,5,,
2026-05-22 11:55:00,skip_max_positions,ARM,812,486.9,114324.7,5,,
2026-05-22 12:00:00,skip_max_positions,MU,813,486.9,114430.95,5,,
2026-05-22 12:05:00,skip_max_positions,BLDP,814,486.9,114336.0,5,,
2026-05-22 12:10:00,skip_max_positions,SEDG,815,486.9,114366.06,5,,
2026-05-22 12:15:00,exit,BTDR,807,22801.37,113802.82,4,-0.02434,False
2026-05-22 12:20:00,entry,ARQQ,816,44.47,113784.51,5,,
2026-05-22 12:25:00,skip_max_positions,LI,817,44.47,114234.38,5,,
2026-05-22 12:30:00,skip_max_positions,LRCX,818,44.47,113896.18,5,,
2026-05-22 12:30:00,skip_max_positions,CLSK,819,44.47,113896.18,5,,
2026-05-22 12:35:00,skip_max_positions,PLUG,820,44.47,113989.81,5,,
2026-05-22 12:35:00,skip_max_positions,MARA,821,44.47,113989.81,5,,
2026-05-22 12:35:00,skip_max_positions,RIOT,822,44.47,113989.81,5,,
2026-05-22 12:35:00,skip_max_positions,HUT,823,44.47,113989.81,5,,
2026-05-22 12:40:00,skip_max_positions,CIFR,824,44.47,113337.07,5,,
2026-05-22 12:55:00,skip_max_positions,IONQ,825,44.47,113055.73,5,,
2026-05-22 13:05:00,skip_max_positions,LSCC,826,44.47,113571.79,5,,
2026-05-22 13:05:00,skip_max_positions,SPCE,827,44.47,113571.79,5,,
2026-05-22 13:35:00,skip_max_positions,GLW,828,44.47,113418.82,5,,
2026-05-22 13:50:00,skip_max_positions,AEHR,829,44.47,113054.04,5,,
2026-05-22 13:50:00,skip_max_positions,NIO,830,44.47,113054.04,5,,
2026-05-22 13:50:00,skip_max_positions,CRDO,831,44.47,113054.04,5,,
2026-05-22 14:00:00,exit,ARQQ,816,22049.93,112715.76,4,-0.03302,False
2026-05-22 14:10:00,skip_no_cash,WULF,832,22049.93,112737.35,4,,
2026-05-22 14:15:00,skip_no_cash,IREN,833,22049.93,112880.8,4,,
2026-05-22 14:15:00,skip_no_cash,CORZ,834,22049.93,112880.8,4,,
2026-05-22 14:15:00,skip_no_cash,RIVN,835,22049.93,112880.8,4,,
2026-05-22 14:20:00,exit,CSCO,788,44684.36,112975.97,3,0.00519,False
2026-05-22 14:20:00,exit,RKLB,789,67257.34,112975.97,2,0.00282,False
2026-05-22 14:20:00,entry,DNN,836,44662.15,112975.97,3,,
2026-05-22 14:25:00,entry,SNDK,837,22057.11,113025.19,4,,
2026-05-22 14:25:00,skip_no_cash,RUN,838,22057.11,112979.89,4,,
2026-05-22 14:30:00,skip_no_cash,SMR,839,22057.11,112728.39,4,,
2026-05-22 14:35:00,exit,MPWR,791,44931.52,112769.83,3,0.00467,False
2026-05-22 14:50:00,entry,AMD,840,22368.02,112817.52,4,,
2026-05-22 14:50:00,skip_no_cash,MCHP,841,22368.02,112810.14,4,,
2026-05-22 14:50:00,skip_no_cash,MPWR,842,22368.02,112810.14,4,,
2026-05-22 15:00:00,skip_no_cash,AFRM,843,22368.02,112538.34,4,,
2026-05-22 15:05:00,exit,SNDK,837,44704.53,112210.33,3,-0.01188,False
2026-05-22 15:15:00,entry,KLAC,844,22268.1,112182.18,4,,
2026-05-22 15:20:00,skip_no_cash,ASML,845,22268.1,112060.67,4,,
2026-05-22 15:20:00,skip_no_cash,FSLR,846,22268.1,112060.67,4,,
2026-05-22 15:25:00,skip_no_cash,ENPH,847,22268.1,112102.96,4,,
2026-05-22 15:35:00,exit,MRVL,808,45092.1,112439.51,3,-0.0004,False
2026-05-22 15:40:00,entry,LUNR,848,22621.14,112354.85,4,,
2026-05-22 15:55:00,exit,DNN,836,45077.28,112696.55,3,-0.00615,False
2026-05-22 15:55:00,exit,AMD,840,67495.77,112696.55,2,-0.00643,False
2026-05-22 15:55:00,exit,KLAC,844,89879.78,112696.55,1,-0.00234,False
2026-05-22 15:55:00,exit,LUNR,848,112696.55,112696.55,0,0.01539,True
2026-05-26 10:40:00,entry,BBAI,849,90157.24,112696.55,1,,
2026-05-26 10:40:00,entry,JOBY,850,67617.93,112696.55,2,,
2026-05-26 10:40:00,entry,UEC,851,45081.82,112680.52,3,,
2026-05-26 10:45:00,entry,SOUN,852,22591.25,112452.89,4,,
2026-05-26 10:45:00,entry,ACHR,853,124.82,112332.12,5,,
2026-05-26 10:45:00,skip_max_positions,LEU,854,124.82,112281.37,5,,
2026-05-26 10:45:00,skip_max_positions,CCJ,855,124.82,112281.37,5,,
2026-05-26 10:50:00,skip_max_positions,COIN,856,124.82,112396.58,5,,
2026-05-26 10:50:00,skip_max_positions,XPEV,857,124.82,112396.58,5,,
2026-05-26 10:55:00,skip_max_positions,WULF,858,124.82,112090.72,5,,
2026-05-26 11:00:00,skip_max_positions,AMD,859,124.82,112251.64,5,,
2026-05-26 11:05:00,skip_max_positions,GLW,860,124.82,112499.36,5,,
2026-05-26 11:05:00,skip_max_positions,ASTS,861,124.82,112499.36,5,,
2026-05-26 11:15:00,skip_max_positions,MARA,862,124.82,112647.88,5,,
2026-05-26 11:20:00,skip_max_positions,MPWR,863,124.82,112366.43,5,,
2026-05-26 11:20:00,skip_max_positions,LAC,864,124.82,112366.43,5,,
2026-05-26 11:20:00,skip_max_positions,UPST,865,124.82,112366.43,5,,
2026-05-26 11:20:00,skip_max_positions,LRCX,866,124.82,112366.43,5,,
2026-05-26 11:20:00,skip_max_positions,CLSK,867,124.82,112366.43,5,,
2026-05-26 11:20:00,skip_max_positions,FSLR,868,124.82,112366.43,5,,
2026-05-26 11:25:00,skip_max_positions,APP,869,124.82,112697.08,5,,
2026-05-26 11:25:00,skip_max_positions,SNDK,870,124.82,112697.08,5,,
2026-05-26 11:25:00,skip_max_positions,SEDG,871,124.82,112697.08,5,,
2026-05-26 11:30:00,skip_max_positions,SMCI,872,124.82,112741.35,5,,
2026-05-26 11:35:00,skip_max_positions,ON,873,124.82,112723.49,5,,
2026-05-26 11:45:00,skip_max_positions,LI,874,124.82,112350.4,5,,
2026-05-26 11:50:00,skip_max_positions,HUT,875,124.82,111702.33,5,,
2026-05-26 12:05:00,skip_max_positions,QCOM,876,124.82,112424.07,5,,
2026-05-26 12:05:00,skip_max_positions,PATH,877,124.82,112424.07,5,,
2026-05-26 12:05:00,skip_max_positions,CORZ,878,124.82,112424.07,5,,
2026-05-26 12:05:00,skip_max_positions,ENPH,879,124.82,112424.07,5,,
2026-05-26 12:05:00,skip_max_positions,LCID,880,124.82,112424.07,5,,
2026-05-26 12:10:00,skip_max_positions,ALB,881,124.82,112413.02,5,,
2026-05-26 12:10:00,skip_max_positions,SPCE,882,124.82,112413.02,5,,
2026-05-26 12:10:00,skip_max_positions,AI,883,124.82,112413.02,5,,
2026-05-26 12:10:00,skip_max_positions,RIOT,884,124.82,112413.02,5,,
2026-05-26 12:10:00,skip_max_positions,SMR,885,124.82,112413.02,5,,
2026-05-26 12:10:00,skip_max_positions,RKLB,886,124.82,112413.02,5,,
2026-05-26 12:30:00,skip_max_positions,PLTR,887,124.82,112765.07,5,,
2026-05-26 12:55:00,skip_max_positions,ALAB,888,124.82,112520.7,5,,
2026-05-26 13:35:00,skip_max_positions,AEHR,889,124.82,112214.61,5,,
2026-05-26 13:35:00,skip_max_positions,COHR,890,124.82,112214.61,5,,
2026-05-26 13:40:00,skip_max_positions,LAC,891,124.82,112312.2,5,,
2026-05-26 13:45:00,skip_max_positions,NNE,892,124.82,112377.16,5,,
2026-05-26 14:15:00,skip_max_positions,PLUG,893,124.82,112856.76,5,,
2026-05-26 14:25:00,skip_max_positions,IONQ,894,124.82,112503.48,5,,
2026-05-26 14:40:00,exit,BBAI,849,22315.43,111730.25,4,-0.01547,False
2026-05-26 14:40:00,exit,JOBY,850,45283.84,111730.25,3,0.01904,True
2026-05-26 14:40:00,exit,UEC,851,67666.75,111730.25,2,-0.0068,False
2026-05-26 14:45:00,exit,SOUN,852,89902.36,111629.43,1,-0.01134,False
2026-05-26 14:45:00,exit,ACHR,853,111629.42,111629.42,0,-0.03291,False
2026-05-26 15:10:00,entry,MRVL,895,89303.54,111629.42,1,,
2026-05-26 15:10:00,entry,MPWR,896,66986.9,111583.18,2,,
2026-05-26 15:10:00,entry,CRDO,897,44663.02,111619.43,3,,
2026-05-26 15:10:00,entry,ARQQ,898,22328.68,111671.7,4,,
2026-05-26 15:10:00,entry,JOBY,899,2.32,111631.79,5,,
2026-05-26 15:20:00,skip_max_positions,LSCC,900,2.32,111695.56,5,,
2026-05-26 15:30:00,skip_max_positions,DNN,901,2.32,111890.86,5,,
2026-05-26 15:40:00,skip_max_positions,MU,902,2.32,111850.06,5,,
2026-05-26 15:55:00,exit,MRVL,895,22399.19,111598.07,4,0.00318,False
2026-05-26 15:55:00,exit,MPWR,896,44645.07,111598.07,3,-0.00317,False
2026-05-26 15:55:00,exit,CRDO,897,67152.66,111598.07,2,0.00823,False
2026-05-26 15:55:00,exit,ARQQ,898,89300.77,111598.07,1,-0.00834,False
2026-05-26 15:55:00,exit,JOBY,899,111598.07,111598.07,0,-0.0013,False
2026-05-27 10:10:00,entry,UPST,903,89278.45,111598.07,1,,
2026-05-27 10:25:00,entry,CORZ,904,67019.38,111295.38,2,,
2026-05-27 10:40:00,entry,AEHR,905,44685.53,111669.25,3,,
2026-05-27 10:40:00,entry,HIVE,906,22359.07,111632.26,4,,
2026-05-27 10:40:00,entry,SOUN,907,15.93,111715.74,5,,
2026-05-27 10:40:00,skip_max_positions,AI,908,15.93,111729.64,5,,
2026-05-27 10:40:00,skip_max_positions,MARA,909,15.93,111729.64,5,,
2026-05-27 10:40:00,skip_max_positions,DNN,910,15.93,111729.64,5,,
2026-05-27 10:40:00,skip_max_positions,BLDP,911,15.93,111729.64,5,,
2026-05-27 10:40:00,skip_max_positions,LAC,912,15.93,111729.64,5,,
2026-05-27 10:45:00,skip_max_positions,COIN,913,15.93,111451.01,5,,
2026-05-27 10:45:00,skip_max_positions,LI,914,15.93,111451.01,5,,
2026-05-27 10:50:00,exit,UPST,903,21989.61,111713.83,4,-0.0155,False
2026-05-27 11:10:00,skip_no_cash,LEU,915,21989.61,112055.91,4,,
2026-05-27 11:15:00,skip_no_cash,HOOD,916,21989.61,111579.6,4,,
2026-05-27 11:15:00,skip_no_cash,ENPH,917,21989.61,111579.6,4,,
2026-05-27 11:15:00,skip_no_cash,XPEV,918,21989.61,111579.6,4,,
2026-05-27 11:30:00,skip_no_cash,PLTR,919,21989.61,111939.2,4,,
2026-05-27 11:35:00,skip_no_cash,PATH,920,21989.61,111150.87,4,,
2026-05-27 11:35:00,skip_no_cash,ENVX,921,21989.61,111150.87,4,,
2026-05-27 11:35:00,skip_no_cash,LUNR,922,21989.61,111150.87,4,,
2026-05-27 11:35:00,skip_no_cash,LCID,923,21989.61,111150.87,4,,
2026-05-27 11:40:00,skip_no_cash,BBAI,924,21989.61,111153.33,4,,
2026-05-27 11:45:00,exit,AEHR,905,43357.61,110679.46,3,-0.04325,False
2026-05-27 12:00:00,entry,RUN,925,21122.83,111173.89,4,,
2026-05-27 12:00:00,skip_no_cash,CSCO,926,21122.83,111181.18,4,,
2026-05-27 12:00:00,skip_no_cash,APP,927,21122.83,111181.18,4,,
2026-05-27 12:05:00,skip_no_cash,IONQ,928,21122.83,111370.59,4,,
2026-05-27 12:05:00,skip_no_cash,CCJ,929,21122.83,111370.59,4,,
2026-05-27 12:05:00,skip_no_cash,PLUG,930,21122.83,111370.59,4,,
2026-05-27 12:20:00,skip_no_cash,ALB,931,21122.83,111811.77,4,,
2026-05-27 12:25:00,skip_no_cash,NIO,932,21122.83,111798.69,4,,
2026-05-27 12:55:00,skip_no_cash,ASTS,933,21122.83,112411.37,4,,
2026-05-27 13:00:00,skip_no_cash,QS,934,21122.83,112241.59,4,,
2026-05-27 13:00:00,skip_no_cash,ACHR,935,21122.83,112241.59,4,,
2026-05-27 13:25:00,skip_no_cash,BE,936,21122.83,112495.89,4,,
2026-05-27 13:25:00,skip_no_cash,RKLB,937,21122.83,112495.89,4,,
2026-05-27 13:25:00,skip_no_cash,COHR,938,21122.83,112495.89,4,,
2026-05-27 13:25:00,skip_no_cash,RIOT,939,21122.83,112495.89,4,,
2026-05-27 13:25:00,skip_no_cash,CLSK,940,21122.83,112495.89,4,,
2026-05-27 13:25:00,skip_no_cash,CIFR,941,21122.83,112495.89,4,,
2026-05-27 13:25:00,skip_no_cash,QUBT,942,21122.83,112495.89,4,,
2026-05-27 13:25:00,skip_no_cash,JOBY,943,21122.83,112495.89,4,,
2026-05-27 13:25:00,skip_no_cash,UEC,944,21122.83,112495.89,4,,
2026-05-27 13:55:00,skip_no_cash,OKLO,945,21122.83,112138.42,4,,
2026-05-27 14:15:00,exit,RUN,925,43182.53,112991.95,3,-0.00787,False
2026-05-27 14:15:00,entry,RGTI,946,20584.14,112991.95,4,,
2026-05-27 14:15:00,skip_no_cash,QCOM,947,20584.14,112945.89,4,,
2026-05-27 14:15:00,skip_no_cash,IREN,948,20584.14,112945.89,4,,
2026-05-27 14:15:00,skip_no_cash,HUT,949,20584.14,112945.89,4,,
2026-05-27 14:25:00,exit,CORZ,904,43631.59,113393.32,3,0.03542,True
2026-05-27 14:30:00,exit,HIVE,906,68396.81,113430.25,2,0.10923,True
2026-05-27 14:35:00,entry,SMCI,950,45743.91,113264.48,3,,
2026-05-27 14:35:00,entry,BTDR,951,23096.37,113237.71,4,,
2026-05-27 14:40:00,exit,SOUN,907,45439.52,113509.08,3,0.0,False
2026-05-27 15:15:00,entry,ALAB,952,22866.55,112864.82,4,,
2026-05-27 15:15:00,entry,SOUN,953,303.79,112813.83,5,,
2026-05-27 15:20:00,skip_max_positions,CRDO,954,303.79,112825.35,5,,
2026-05-27 15:25:00,skip_max_positions,SNDK,955,303.79,112570.98,5,,
2026-05-27 15:25:00,skip_max_positions,MRVL,956,303.79,112570.98,5,,
2026-05-27 15:30:00,skip_max_positions,CORZ,957,303.79,112770.3,5,,
2026-05-27 15:40:00,skip_max_positions,LSCC,958,303.79,113252.2,5,,
2026-05-27 15:40:00,skip_max_positions,WOLF,959,303.79,113252.2,5,,
2026-05-27 15:40:00,skip_max_positions,MARA,960,303.79,113252.2,5,,
2026-05-27 15:55:00,exit,RGTI,946,22948.15,113584.13,4,0.00203,False
2026-05-27 15:55:00,exit,SMCI,950,45663.5,113584.13,3,0.00276,False
2026-05-27 15:55:00,exit,BTDR,951,68277.56,113584.13,2,-0.00148,False
2026-05-27 15:55:00,exit,ALAB,952,91174.0,113584.13,1,0.01433,True
2026-05-27 15:55:00,exit,SOUN,953,113556.7,113556.7,0,-0.00798,False
2026-05-28 10:20:00,entry,LAES,961,90845.36,113556.7,1,,
2026-05-28 10:40:00,entry,CLSK,962,68121.24,113620.59,2,,
2026-05-28 10:40:00,entry,CORZ,963,45399.67,113607.89,3,,
2026-05-28 10:40:00,entry,CCJ,964,22666.53,113665.7,4,,
2026-05-28 10:45:00,skip_no_cash,SOUN,965,22666.53,113830.46,4,,
2026-05-28 10:45:00,skip_no_cash,RGTI,966,22666.53,113830.46,4,,
2026-05-28 10:45:00,skip_no_cash,IONQ,967,22666.53,113830.46,4,,
2026-05-28 10:45:00,skip_no_cash,QBTS,968,22666.53,113830.46,4,,
2026-05-28 10:45:00,skip_no_cash,NNE,969,22666.53,113830.46,4,,
2026-05-28 10:45:00,skip_no_cash,LAC,970,22666.53,113830.46,4,,
2026-05-28 10:50:00,skip_no_cash,HOOD,971,22666.53,113834.65,4,,
2026-05-28 10:50:00,skip_no_cash,OKLO,972,22666.53,113834.65,4,,
2026-05-28 10:55:00,skip_no_cash,HIVE,973,22666.53,113941.9,4,,
2026-05-28 10:55:00,skip_no_cash,ENVX,974,22666.53,113941.9,4,,
2026-05-28 11:10:00,skip_no_cash,UEC,975,22666.53,114873.52,4,,
2026-05-28 11:10:00,skip_no_cash,DNN,976,22666.53,114873.52,4,,
2026-05-28 11:15:00,skip_no_cash,FSLR,977,22666.53,115159.39,4,,
2026-05-28 11:20:00,skip_no_cash,LCID,978,22666.53,115055.8,4,,
2026-05-28 11:25:00,skip_no_cash,SEDG,979,22666.53,115393.96,4,,
2026-05-28 11:35:00,skip_no_cash,MU,980,22666.53,115699.45,4,,
2026-05-28 11:35:00,skip_no_cash,MARA,981,22666.53,115699.45,4,,
2026-05-28 11:45:00,skip_no_cash,APP,982,22666.53,115652.62,4,,
2026-05-28 12:00:00,skip_no_cash,QCOM,983,22666.53,116014.83,4,,
2026-05-28 12:05:00,skip_no_cash,ALAB,984,22666.53,116062.0,4,,
2026-05-28 12:05:00,skip_no_cash,AI,985,22666.53,116062.0,4,,
2026-05-28 12:10:00,skip_no_cash,ARM,986,22666.53,116103.25,4,,
2026-05-28 12:10:00,skip_no_cash,AFRM,987,22666.53,116103.25,4,,
2026-05-28 12:15:00,skip_no_cash,RIOT,988,22666.53,116045.45,4,,
2026-05-28 12:40:00,skip_no_cash,CIFR,989,22666.53,116195.28,4,,
2026-05-28 12:45:00,skip_no_cash,UPST,990,22666.53,116180.8,4,,
2026-05-28 12:45:00,skip_no_cash,HUT,991,22666.53,116180.8,4,,
2026-05-28 12:50:00,skip_no_cash,SPCE,992,22666.53,116300.85,4,,
2026-05-28 13:10:00,skip_no_cash,WOLF,993,22666.53,115599.18,4,,
2026-05-28 13:10:00,skip_no_cash,CRDO,994,22666.53,115599.18,4,,
2026-05-28 13:25:00,skip_no_cash,LUNR,995,22666.53,115318.4,4,,
2026-05-28 13:25:00,skip_no_cash,ASTS,996,22666.53,115318.4,4,,
2026-05-28 13:30:00,skip_no_cash,RKLB,997,22666.53,115161.2,4,,
2026-05-28 13:35:00,skip_no_cash,JOBY,998,22666.53,115294.23,4,,
2026-05-28 13:40:00,skip_no_cash,BLDP,999,22666.53,115514.33,4,,
2026-05-28 13:40:00,skip_no_cash,BBAI,1000,22666.53,115514.33,4,,
2026-05-28 13:40:00,skip_no_cash,LEU,1001,22666.53,115514.33,4,,
2026-05-28 13:40:00,skip_no_cash,PLUG,1002,22666.53,115514.33,4,,
2026-05-28 13:45:00,skip_no_cash,MRVL,1003,22666.53,115534.23,4,,
2026-05-28 13:50:00,skip_no_cash,SMR,1004,22666.53,115542.59,4,,
2026-05-28 13:50:00,skip_no_cash,TSM,1005,22666.53,115542.59,4,,
2026-05-28 13:50:00,skip_no_cash,ASML,1006,22666.53,115542.59,4,,
2026-05-28 13:50:00,skip_no_cash,ON,1007,22666.53,115542.59,4,,
2026-05-28 13:50:00,skip_no_cash,LRCX,1008,22666.53,115542.59,4,,
2026-05-28 13:50:00,skip_no_cash,KLAC,1009,22666.53,115542.59,4,,
2026-05-28 13:50:00,skip_no_cash,MPWR,1010,22666.53,115542.59,4,,
2026-05-28 13:50:00,skip_no_cash,LSCC,1011,22666.53,115542.59,4,,
2026-05-28 13:50:00,skip_no_cash,ACHR,1012,22666.53,115542.59,4,,
2026-05-28 14:00:00,skip_no_cash,PATH,1013,22666.53,115871.39,4,,
2026-05-28 14:20:00,exit,LAES,961,46049.31,116056.58,3,0.02956,True
2026-05-28 14:20:00,entry,RUN,1014,22837.99,116056.58,4,,
2026-05-28 14:30:00,skip_no_cash,BE,1015,22837.99,116109.44,4,,
2026-05-28 14:35:00,skip_no_cash,BTDR,1016,22837.99,116150.91,4,,
2026-05-28 14:40:00,exit,CLSK,962,46095.6,116211.06,3,0.02348,True
2026-05-28 14:40:00,exit,CORZ,963,69272.77,116211.06,2,0.02005,True
2026-05-28 14:40:00,exit,CCJ,964,92785.98,116211.06,1,0.03431,True
2026-05-28 14:45:00,entry,SOUN,1017,69549.67,116181.58,2,,
2026-05-28 14:50:00,entry,QS,1018,46334.96,116073.54,3,,
2026-05-28 15:00:00,entry,AEHR,1019,23139.01,115979.76,4,,
2026-05-28 15:10:00,skip_no_cash,FSLR,1020,23139.01,115823.23,4,,
2026-05-28 15:25:00,skip_no_cash,RIVN,1021,23139.01,115771.89,4,,
2026-05-28 15:30:00,skip_no_cash,LAES,1022,23139.01,116012.68,4,,
2026-05-28 15:55:00,exit,RUN,1014,46556.71,115780.77,3,0.00889,False
2026-05-28 15:55:00,exit,SOUN,1017,69645.03,115780.77,2,-0.00637,False
2026-05-28 15:55:00,exit,QS,1018,92670.38,115780.77,1,-0.00816,False
2026-05-28 15:55:00,exit,AEHR,1019,115780.77,115780.77,0,-0.00369,False
2026-05-29 10:40:00,entry,LCID,1023,92624.61,115780.77,1,,
2026-05-29 10:40:00,entry,ENVX,1024,69486.56,115690.24,2,,
2026-05-29 10:40:00,entry,MU,1025,46382.5,115520.33,3,,
2026-05-29 10:40:00,entry,NIO,1026,23307.19,115376.55,4,,
2026-05-29 11:00:00,entry,PATH,1027,21.36,116429.13,5,,
2026-05-29 11:00:00,skip_max_positions,RUN,1028,21.36,116558.99,5,,
2026-05-29 11:05:00,skip_max_positions,PLTR,1029,21.36,116837.17,5,,
2026-05-29 11:35:00,skip_max_positions,SOUN,1030,21.36,117772.26,5,,
2026-05-29 11:35:00,skip_max_positions,QBTS,1031,21.36,117772.26,5,,
2026-05-29 11:35:00,skip_max_positions,UEC,1032,21.36,117772.26,5,,
2026-05-29 11:35:00,skip_max_positions,DNN,1033,21.36,117772.26,5,,
2026-05-29 11:40:00,skip_max_positions,HIVE,1034,21.36,117665.96,5,,
2026-05-29 11:40:00,skip_max_positions,XPEV,1035,21.36,117665.96,5,,
2026-05-29 12:00:00,skip_max_positions,FSLR,1036,21.36,118373.67,5,,
2026-05-29 12:00:00,skip_max_positions,OKLO,1037,21.36,118373.67,5,,
2026-05-29 12:05:00,exit,LCID,1023,24100.86,118697.25,4,0.03987,True
2026-05-29 12:10:00,entry,IREN,1038,400.21,118503.27,5,,
2026-05-29 12:15:00,skip_max_positions,AFRM,1039,400.21,118442.6,5,,
2026-05-29 12:45:00,skip_max_positions,BBAI,1040,400.21,117968.89,5,,
2026-05-29 12:45:00,skip_max_positions,QS,1041,400.21,117968.89,5,,
2026-05-29 12:45:00,skip_max_positions,IONQ,1042,400.21,117968.89,5,,
2026-05-29 12:45:00,skip_max_positions,RKLB,1043,400.21,117968.89,5,,
2026-05-29 12:45:00,skip_max_positions,MARA,1044,400.21,117968.89,5,,
2026-05-29 12:45:00,skip_max_positions,QUBT,1045,400.21,117968.89,5,,
2026-05-29 12:45:00,skip_max_positions,SMR,1046,400.21,117968.89,5,,
2026-05-29 12:45:00,skip_max_positions,LAC,1047,400.21,117968.89,5,,
2026-05-29 12:55:00,skip_max_positions,ARQQ,1048,400.21,117961.3,5,,
2026-05-29 13:00:00,skip_max_positions,NNE,1049,400.21,118036.75,5,,
2026-05-29 13:05:00,skip_max_positions,HOOD,1050,400.21,118176.01,5,,
2026-05-29 13:15:00,exit,ENVX,1024,25391.77,119031.71,4,0.08011,True
2026-05-29 13:20:00,entry,LUNR,1051,1596.48,118976.45,5,,
2026-05-29 13:35:00,skip_max_positions,ARM,1052,1596.48,119131.61,5,,
2026-05-29 14:00:00,exit,LUNR,1051,24933.85,118431.99,4,-0.01924,False
2026-05-29 14:00:00,entry,ACHR,1053,1247.45,118431.99,5,,
2026-05-29 14:00:00,skip_max_positions,LEU,1054,1247.45,118344.52,5,,
2026-05-29 14:00:00,skip_max_positions,QCOM,1055,1247.45,118344.52,5,,
2026-05-29 14:00:00,skip_max_positions,ASTS,1056,1247.45,118344.52,5,,
2026-05-29 14:10:00,skip_max_positions,PLUG,1057,1247.45,118449.49,5,,
2026-05-29 14:10:00,skip_max_positions,AI,1058,1247.45,118449.49,5,,
2026-05-29 14:10:00,skip_max_positions,CCJ,1059,1247.45,118449.49,5,,
2026-05-29 14:15:00,skip_max_positions,RIVN,1060,1247.45,118573.86,5,,
2026-05-29 14:25:00,skip_max_positions,UPST,1061,1247.45,118379.08,5,,
2026-05-29 14:40:00,exit,MU,1025,24229.1,117970.43,4,-0.0053,False
2026-05-29 14:40:00,exit,NIO,1026,47830.76,117970.43,3,0.02281,True
2026-05-29 14:45:00,exit,ACHR,1053,71132.3,117761.7,2,-0.01625,False
2026-05-29 15:00:00,exit,PATH,1027,94458.08,117582.96,1,0.00172,False
2026-05-29 15:15:00,entry,RIOT,1062,70937.0,117605.43,2,,
2026-05-29 15:15:00,entry,CLSK,1063,47415.91,117605.43,3,,
2026-05-29 15:15:00,entry,ENVX,1064,23907.92,117539.98,4,,
2026-05-29 15:15:00,entry,NIO,1065,440.68,117336.2,5,,
2026-05-29 15:20:00,skip_max_positions,ENPH,1066,440.68,117438.64,5,,
2026-05-29 15:30:00,skip_max_positions,WULF,1067,440.68,117781.7,5,,
2026-05-29 15:55:00,exit,IREN,1038,24281.99,118286.42,4,0.00593,False
2026-05-29 15:55:00,exit,RIOT,1062,47647.99,118286.42,3,-0.00659,False
2026-05-29 15:55:00,exit,CLSK,1063,71574.84,118286.42,2,0.01725,True
2026-05-29 15:55:00,exit,ENVX,1064,94777.16,118286.42,1,-0.013,False
2026-05-29 15:55:00,exit,NIO,1065,118286.42,118286.42,0,0.00179,False
