interval,variant,entry_mode,symbol,stock_return_pct,patterns,trades,wins,quality_wins,hit_rate_pct,quality_win_rate_pct,avg_return_pct,total_trade_return_pct,avg_r_multiple
5m,breakout_base_2r,breakout,MU,89.0837,39,22,11,7,50.0,31.82,0.1291,2.841,0.0573
5m,breakout_base_2r,breakout,SNDK,59.2629,36,25,13,10,52.0,40.0,0.5289,13.223,0.2248
5m,breakout_base_2r,breakout,GLW,12.9484,38,25,11,5,44.0,20.0,-0.2865,-7.162,-0.1216
5m,breakout_base_2r,breakout,OKLO,-4.8419,31,22,12,7,54.55,31.82,0.0858,1.887,0.0568
5m,breakout_base_2r,breakout,RGTI,49.2694,33,22,13,8,59.09,36.36,0.4199,9.237,0.1395
5m,breakout_base_2r,breakout,IONQ,62.8475,33,24,14,11,58.33,45.83,0.771,18.503,0.2117
5m,breakout_base_2r,breakout,CSCO,30.4913,38,22,13,3,59.09,13.64,0.113,2.487,0.1191
5m,breakout_base_2r,breakout,AMKR,0.3172,35,24,11,3,45.83,12.5,-0.0463,-1.11,-0.0129
5m,breakout_base_2r,breakout,ASTS,55.0161,33,25,15,12,60.0,48.0,0.7626,19.066,0.234
5m,breakout_base_2r,breakout,RKLB,74.356,38,28,15,11,53.57,39.29,0.466,13.048,0.1479
5m,breakout_base_2r,breakout,AMD,45.4853,37,21,15,7,71.43,33.33,0.645,13.545,0.439
5m,breakout_base_2r,breakout,AVGO,6.9625,33,20,11,6,55.0,30.0,0.3642,7.284,0.262
5m,breakout_base_2r,breakout,ARM,68.8,41,23,15,8,65.22,34.78,0.6273,14.427,0.2922
5m,breakout_base_2r,breakout,SMCI,65.9467,28,20,15,7,75.0,35.0,0.8088,16.176,0.379
5m,breakout_base_2r,breakout,TSM,6.0014,34,23,14,3,60.87,13.04,0.1264,2.908,0.1235
5m,breakout_base_2r,breakout,ASML,13.5053,32,23,15,5,65.22,21.74,0.3878,8.919,0.3257
5m,breakout_base_2r,breakout,MRVL,26.6862,32,24,17,5,70.83,20.83,0.2751,6.602,0.1575
5m,breakout_base_2r,breakout,ON,20.5818,38,24,19,10,79.17,41.67,0.6924,16.617,0.3854
5m,breakout_base_2r,breakout,LRCX,26.0093,32,21,11,4,52.38,19.05,0.2272,4.771,0.1052
5m,breakout_base_2r,breakout,KLAC,12.5525,38,23,10,4,43.48,17.39,0.0158,0.364,0.0809
5m,breakout_base_2r,breakout,QCOM,43.784,30,24,14,6,58.33,25.0,0.3213,7.711,0.1512
5m,breakout_base_2r,breakout,ADI,4.4517,36,23,14,3,60.87,13.04,0.3208,7.378,0.2426
5m,breakout_base_2r,breakout,MCHP,2.4786,34,21,15,4,71.43,19.05,0.3722,7.816,0.2576
5m,breakout_base_2r,breakout,MPWR,1.4242,41,20,12,9,60.0,45.0,0.5063,10.127,0.326
5m,breakout_base_2r,breakout,LSCC,21.822,39,26,17,8,65.38,30.77,0.5998,15.595,0.2962
5m,breakout_base_2r,breakout,ALAB,72.3739,39,25,18,14,72.0,56.0,1.0799,26.998,0.478
5m,breakout_base_2r,breakout,CRDO,35.9261,34,22,17,13,77.27,59.09,1.4311,31.484,0.63
5m,breakout_base_2r,breakout,COHR,12.0178,30,20,10,6,50.0,30.0,0.1754,3.508,0.053
5m,breakout_base_2r,breakout,WOLF,94.3842,23,19,9,8,47.37,42.11,0.3683,6.997,0.0584
5m,breakout_base_2r,breakout,AEHR,2.6934,31,22,7,6,31.82,27.27,0.157,3.454,0.0164
5m,breakout_base_2r,breakout,PLTR,7.6109,35,23,11,3,47.83,13.04,0.1769,4.069,0.0839
5m,breakout_base_2r,breakout,APP,31.6596,33,23,16,8,69.57,34.78,0.5665,13.029,0.2165
5m,breakout_base_2r,breakout,SOUN,7.5395,41,26,12,9,46.15,34.62,0.2189,5.691,0.1762
5m,breakout_base_2r,breakout,BBAI,26.3158,48,31,18,14,58.06,45.16,0.5554,17.216,0.2658
5m,breakout_base_2r,breakout,AI,18.1357,35,23,11,4,47.83,17.39,0.0207,0.475,-0.0139
5m,breakout_base_2r,breakout,PATH,8.5343,38,24,13,6,54.17,25.0,0.2799,6.717,0.1117
5m,breakout_base_2r,breakout,UPST,4.3854,36,22,12,9,54.55,40.91,0.516,11.351,0.3045
5m,breakout_base_2r,breakout,AFRM,12.9904,36,23,13,5,56.52,21.74,0.1994,4.587,0.0817
5m,breakout_base_2r,breakout,HOOD,27.7936,36,24,14,6,58.33,25.0,0.4852,11.644,0.1925
5m,breakout_base_2r,breakout,COIN,-1.8121,34,23,11,6,47.83,26.09,0.0671,1.544,0.0022
5m,breakout_wide_2r,breakout,MU,89.0837,39,21,10,7,47.62,33.33,0.3671,7.709,0.1052
5m,breakout_wide_2r,breakout,SNDK,59.2629,39,23,15,10,65.22,43.48,0.7842,18.037,0.2787
5m,breakout_wide_2r,breakout,GLW,12.9484,37,24,11,4,45.83,16.67,-0.1856,-4.455,-0.0158
5m,breakout_wide_2r,breakout,OKLO,-4.8419,39,21,12,7,57.14,33.33,0.1,2.099,0.0576
5m,breakout_wide_2r,breakout,RGTI,49.2694,33,20,14,9,70.0,45.0,1.1338,22.676,0.3765
5m,breakout_wide_2r,breakout,IONQ,62.8475,37,21,14,9,66.67,42.86,0.9045,18.994,0.2824
5m,breakout_wide_2r,breakout,CSCO,30.4913,32,25,13,3,52.0,12.0,0.0149,0.373,0.006
5m,breakout_wide_2r,breakout,AMKR,0.3172,39,24,14,5,58.33,20.83,0.1509,3.622,0.0542
5m,breakout_wide_2r,breakout,ASTS,55.0161,39,22,15,11,68.18,50.0,1.1465,25.223,0.3605
5m,breakout_wide_2r,breakout,RKLB,74.356,43,23,11,7,47.83,30.43,0.3664,8.427,0.1178
5m,breakout_wide_2r,breakout,AMD,45.4853,37,22,14,8,63.64,36.36,0.5991,13.181,0.3459
5m,breakout_wide_2r,breakout,AVGO,6.9625,33,19,9,3,47.37,15.79,0.134,2.546,0.0679
5m,breakout_wide_2r,breakout,ARM,68.8,41,21,14,8,66.67,38.1,0.7006,14.713,0.2876
5m,breakout_wide_2r,breakout,SMCI,65.9467,31,19,13,6,68.42,31.58,0.7834,14.885,0.3626
5m,breakout_wide_2r,breakout,TSM,6.0014,29,19,11,2,57.89,10.53,0.1125,2.137,0.0832
5m,breakout_wide_2r,breakout,ASML,13.5053,29,22,13,5,59.09,22.73,0.3015,6.632,0.1773
5m,breakout_wide_2r,breakout,MRVL,26.6862,34,22,12,7,54.55,31.82,0.2681,5.899,0.1477
5m,breakout_wide_2r,breakout,ON,20.5818,41,24,16,9,66.67,37.5,0.4847,11.632,0.3013
5m,breakout_wide_2r,breakout,LRCX,26.0093,36,21,11,3,52.38,14.29,0.0663,1.393,0.0367
5m,breakout_wide_2r,breakout,KLAC,12.5525,32,22,10,4,45.45,18.18,0.1925,4.235,0.1795
5m,breakout_wide_2r,breakout,QCOM,43.784,31,21,11,8,52.38,38.1,0.2976,6.25,0.1743
5m,breakout_wide_2r,breakout,ADI,4.4517,30,19,12,3,63.16,15.79,0.3947,7.5,0.23
5m,breakout_wide_2r,breakout,MCHP,2.4786,30,21,14,4,66.67,19.05,0.2414,5.07,0.1524
5m,breakout_wide_2r,breakout,MPWR,1.4242,39,21,14,8,66.67,38.1,0.5521,11.594,0.2667
5m,breakout_wide_2r,breakout,LSCC,21.822,38,24,15,7,62.5,29.17,0.4485,10.764,0.1804
5m,breakout_wide_2r,breakout,ALAB,72.3739,39,24,18,14,75.0,58.33,1.0715,25.716,0.4721
5m,breakout_wide_2r,breakout,CRDO,35.9261,35,20,16,13,80.0,65.0,1.7169,34.339,0.69
5m,breakout_wide_2r,breakout,COHR,12.0178,37,22,10,8,45.45,36.36,0.1752,3.855,0.1059
5m,breakout_wide_2r,breakout,WOLF,94.3842,27,20,10,7,50.0,35.0,0.3973,7.946,0.0535
5m,breakout_wide_2r,breakout,AEHR,2.6934,33,22,7,5,31.82,22.73,0.1571,3.457,0.0055
5m,breakout_wide_2r,breakout,PLTR,7.6109,34,21,12,2,57.14,9.52,0.2658,5.582,0.1533
5m,breakout_wide_2r,breakout,APP,31.6596,36,21,14,7,66.67,33.33,0.6528,13.708,0.2814
5m,breakout_wide_2r,breakout,SOUN,7.5395,42,24,12,10,50.0,41.67,0.3917,9.402,0.2112
5m,breakout_wide_2r,breakout,BBAI,26.3158,50,25,16,12,64.0,48.0,0.936,23.4,0.39
5m,breakout_wide_2r,breakout,AI,18.1357,38,22,9,4,40.91,18.18,-0.2548,-5.606,-0.1373
5m,breakout_wide_2r,breakout,PATH,8.5343,38,22,12,6,54.55,27.27,0.2077,4.57,0.0273
5m,breakout_wide_2r,breakout,UPST,4.3854,37,21,11,9,52.38,42.86,0.4885,10.258,0.2286
5m,breakout_wide_2r,breakout,AFRM,12.9904,38,22,12,6,54.55,27.27,0.2644,5.817,0.1259
5m,breakout_wide_2r,breakout,HOOD,27.7936,39,22,11,5,50.0,22.73,0.4037,8.882,0.1332
5m,breakout_wide_2r,breakout,COIN,-1.8121,39,20,10,4,50.0,20.0,0.1262,2.525,0.003
5m,breakout_tight_2p5r,breakout,MU,89.0837,35,19,10,7,52.63,36.84,0.2121,4.029,0.0458
5m,breakout_tight_2p5r,breakout,SNDK,59.2629,34,20,11,9,55.0,45.0,0.7291,14.582,0.2905
5m,breakout_tight_2p5r,breakout,GLW,12.9484,28,23,9,2,39.13,8.7,-0.6428,-14.784,-0.3083
5m,breakout_tight_2p5r,breakout,OKLO,-4.8419,27,20,11,6,55.0,30.0,-0.0207,-0.413,-0.017
5m,breakout_tight_2p5r,breakout,RGTI,49.2694,31,20,13,8,65.0,40.0,0.7747,15.494,0.323
5m,breakout_tight_2p5r,breakout,IONQ,62.8475,31,21,13,8,61.9,38.1,0.7807,16.394,0.3138
5m,breakout_tight_2p5r,breakout,CSCO,30.4913,16,10,8,1,80.0,10.0,0.144,1.44,0.099
5m,breakout_tight_2p5r,breakout,AMKR,0.3172,29,21,10,4,47.62,19.05,-0.1049,-2.203,-0.0886
5m,breakout_tight_2p5r,breakout,ASTS,55.0161,32,22,13,10,59.09,45.45,1.0609,23.34,0.3391
5m,breakout_tight_2p5r,breakout,RKLB,74.356,36,25,13,9,52.0,36.0,0.4496,11.241,0.1668
5m,breakout_tight_2p5r,breakout,AMD,45.4853,31,22,15,9,68.18,40.91,0.6105,13.432,0.3982
5m,breakout_tight_2p5r,breakout,AVGO,6.9625,12,9,4,1,44.44,11.11,0.148,1.332,0.0833
5m,breakout_tight_2p5r,breakout,ARM,68.8,33,20,14,8,70.0,40.0,0.7176,14.352,0.3065
5m,breakout_tight_2p5r,breakout,SMCI,65.9467,26,19,12,6,63.16,31.58,0.725,13.775,0.3416
5m,breakout_tight_2p5r,breakout,TSM,6.0014,15,11,7,1,63.64,9.09,0.0687,0.756,0.0336
5m,breakout_tight_2p5r,breakout,ASML,13.5053,18,15,8,4,53.33,26.67,0.2279,3.418,0.116
5m,breakout_tight_2p5r,breakout,MRVL,26.6862,30,20,9,5,45.0,25.0,0.19,3.8,0.1395
5m,breakout_tight_2p5r,breakout,ON,20.5818,29,19,14,6,73.68,31.58,0.5926,11.26,0.2863
5m,breakout_tight_2p5r,breakout,LRCX,26.0093,21,15,10,2,66.67,13.33,0.1223,1.835,0.042
5m,breakout_tight_2p5r,breakout,KLAC,12.5525,18,13,4,2,30.77,15.38,-0.0171,-0.222,0.0362
5m,breakout_tight_2p5r,breakout,QCOM,43.784,25,19,11,7,57.89,36.84,0.4142,7.87,0.2168
5m,breakout_tight_2p5r,breakout,ADI,4.4517,14,9,6,2,66.67,22.22,0.5037,4.533,0.2956
5m,breakout_tight_2p5r,breakout,MCHP,2.4786,15,11,8,2,72.73,18.18,0.2675,2.943,0.1427
5m,breakout_tight_2p5r,breakout,MPWR,1.4242,25,16,9,7,56.25,43.75,0.4314,6.903,0.2231
5m,breakout_tight_2p5r,breakout,LSCC,21.822,28,22,14,6,63.64,27.27,0.3629,7.983,0.1477
5m,breakout_tight_2p5r,breakout,ALAB,72.3739,36,20,14,11,70.0,55.0,1.3961,27.922,0.6345
5m,breakout_tight_2p5r,breakout,CRDO,35.9261,32,19,15,12,78.95,63.16,1.6153,30.69,0.6937
5m,breakout_tight_2p5r,breakout,COHR,12.0178,26,19,9,7,47.37,36.84,0.2124,4.036,0.0442
5m,breakout_tight_2p5r,breakout,WOLF,94.3842,21,17,9,7,52.94,41.18,1.0758,18.289,0.2576
5m,breakout_tight_2p5r,breakout,AEHR,2.6934,28,19,7,5,36.84,26.32,0.2961,5.626,0.0158
5m,breakout_tight_2p5r,breakout,PLTR,7.6109,18,13,7,2,53.85,15.38,0.2138,2.78,0.1169
5m,breakout_tight_2p5r,breakout,APP,31.6596,28,17,11,5,64.71,29.41,0.7011,11.918,0.3076
5m,breakout_tight_2p5r,breakout,SOUN,7.5395,36,21,10,8,47.62,38.1,0.3477,7.301,0.2038
5m,breakout_tight_2p5r,breakout,BBAI,26.3158,42,24,13,10,54.17,41.67,0.6629,15.91,0.3208
5m,breakout_tight_2p5r,breakout,AI,18.1357,28,22,11,3,50.0,13.64,-0.3994,-8.787,-0.2114
5m,breakout_tight_2p5r,breakout,PATH,8.5343,29,20,9,6,45.0,30.0,0.0815,1.63,-0.021
5m,breakout_tight_2p5r,breakout,UPST,4.3854,31,20,10,7,50.0,35.0,0.303,6.06,0.17
5m,breakout_tight_2p5r,breakout,AFRM,12.9904,26,20,9,6,45.0,30.0,0.1962,3.923,0.0665
5m,breakout_tight_2p5r,breakout,HOOD,27.7936,27,18,10,5,55.56,27.78,0.3229,5.813,0.13
5m,breakout_tight_2p5r,breakout,COIN,-1.8121,33,20,10,4,50.0,20.0,0.1533,3.066,-0.0005
5m,breakout_wide_3r,breakout,MU,89.0837,38,20,9,5,45.0,25.0,0.2437,4.874,0.09
5m,breakout_wide_3r,breakout,SNDK,59.2629,38,21,14,10,66.67,47.62,1.0867,22.821,0.3762
5m,breakout_wide_3r,breakout,GLW,12.9484,31,21,9,5,42.86,23.81,-0.2863,-6.012,-0.0876
5m,breakout_wide_3r,breakout,OKLO,-4.8419,33,20,10,7,50.0,35.0,0.0419,0.838,0.0375
5m,breakout_wide_3r,breakout,RGTI,49.2694,33,19,15,11,78.95,57.89,1.6388,31.137,0.4426
5m,breakout_wide_3r,breakout,IONQ,62.8475,37,20,14,12,70.0,60.0,1.4891,29.781,0.398
5m,breakout_wide_3r,breakout,CSCO,30.4913,19,12,9,2,75.0,16.67,0.1533,1.84,0.085
5m,breakout_wide_3r,breakout,AMKR,0.3172,33,18,9,3,50.0,16.67,0.0423,0.761,0.0367
5m,breakout_wide_3r,breakout,ASTS,55.0161,38,20,12,11,60.0,55.0,1.3987,27.975,0.397
5m,breakout_wide_3r,breakout,RKLB,74.356,40,21,9,7,42.86,33.33,0.4705,9.88,0.1524
5m,breakout_wide_3r,breakout,AMD,45.4853,30,19,13,7,68.42,36.84,0.6602,12.544,0.3079
5m,breakout_wide_3r,breakout,AVGO,6.9625,17,13,6,1,46.15,7.69,0.1132,1.471,0.0631
5m,breakout_wide_3r,breakout,ARM,68.8,36,18,12,7,66.67,38.89,0.8491,15.284,0.285
5m,breakout_wide_3r,breakout,SMCI,65.9467,26,19,14,6,73.68,31.58,0.8653,16.44,0.3384
5m,breakout_wide_3r,breakout,TSM,6.0014,19,14,7,1,50.0,7.14,-0.0536,-0.751,-0.03
5m,breakout_wide_3r,breakout,ASML,13.5053,19,16,8,5,50.0,31.25,0.2406,3.849,0.1063
5m,breakout_wide_3r,breakout,MRVL,26.6862,32,20,10,5,50.0,25.0,0.1953,3.905,0.084
5m,breakout_wide_3r,breakout,ON,20.5818,31,18,10,6,55.56,33.33,0.5942,10.696,0.2206
5m,breakout_wide_3r,breakout,LRCX,26.0093,25,17,9,4,52.94,23.53,0.0787,1.338,0.0271
5m,breakout_wide_3r,breakout,KLAC,12.5525,20,14,4,2,28.57,14.29,-0.2211,-3.095,-0.0379
5m,breakout_wide_3r,breakout,QCOM,43.784,29,20,11,6,55.0,30.0,0.462,9.239,0.1925
5m,breakout_wide_3r,breakout,ADI,4.4517,15,10,7,4,70.0,40.0,0.6206,6.206,0.276
5m,breakout_wide_3r,breakout,MCHP,2.4786,17,14,10,1,71.43,7.14,0.2965,4.151,0.145
5m,breakout_wide_3r,breakout,MPWR,1.4242,31,19,9,6,47.37,31.58,0.254,4.826,0.1074
5m,breakout_wide_3r,breakout,LSCC,21.822,31,21,15,6,71.43,28.57,0.5461,11.468,0.1871
5m,breakout_wide_3r,breakout,ALAB,72.3739,37,21,17,11,80.95,52.38,1.6513,34.678,0.5324
5m,breakout_wide_3r,breakout,CRDO,35.9261,34,18,15,9,83.33,50.0,1.5532,27.957,0.565
5m,breakout_wide_3r,breakout,COHR,12.0178,32,19,10,6,52.63,31.58,0.2369,4.501,0.1595
5m,breakout_wide_3r,breakout,WOLF,94.3842,24,18,8,7,44.44,38.89,0.4839,8.71,0.1039
5m,breakout_wide_3r,breakout,AEHR,2.6934,33,20,7,6,35.0,30.0,0.2762,5.525,0.0735
5m,breakout_wide_3r,breakout,PLTR,7.6109,22,15,7,3,46.67,20.0,0.3239,4.859,0.138
5m,breakout_wide_3r,breakout,APP,31.6596,30,17,10,5,58.82,29.41,0.6834,11.617,0.2494
5m,breakout_wide_3r,breakout,SOUN,7.5395,37,21,11,9,52.38,42.86,0.5102,10.715,0.2648
5m,breakout_wide_3r,breakout,BBAI,26.3158,46,21,14,10,66.67,47.62,0.8847,18.578,0.3105
5m,breakout_wide_3r,breakout,AI,18.1357,32,21,12,4,57.14,19.05,-0.1629,-3.421,-0.1176
5m,breakout_wide_3r,breakout,PATH,8.5343,30,19,9,5,47.37,26.32,0.1134,2.155,0.0158
5m,breakout_wide_3r,breakout,UPST,4.3854,34,19,11,8,57.89,42.11,0.5117,9.723,0.2179
5m,breakout_wide_3r,breakout,AFRM,12.9904,30,20,8,6,40.0,30.0,0.3704,7.409,0.128
5m,breakout_wide_3r,breakout,HOOD,27.7936,31,19,9,4,47.37,21.05,0.293,5.567,0.0695
5m,breakout_wide_3r,breakout,COIN,-1.8121,35,20,10,3,50.0,15.0,-0.0296,-0.593,-0.061
5m,early_hl_base_2r,early-higher-low,MU,89.0837,19,17,8,5,47.06,29.41,0.0499,0.848,0.1529
5m,early_hl_base_2r,early-higher-low,SNDK,59.2629,15,12,7,4,58.33,33.33,-0.0692,-0.831,0.0267
5m,early_hl_base_2r,early-higher-low,GLW,12.9484,18,17,6,5,35.29,29.41,0.1745,2.967,0.0341
5m,early_hl_base_2r,early-higher-low,OKLO,-4.8419,19,18,8,5,44.44,27.78,-0.0667,-1.201,-0.115
5m,early_hl_base_2r,early-higher-low,RGTI,49.2694,16,15,7,5,46.67,33.33,0.0801,1.202,-0.0187
5m,early_hl_base_2r,early-higher-low,IONQ,62.8475,17,17,9,0,52.94,0.0,-0.3827,-6.506,-0.2135
5m,early_hl_base_2r,early-higher-low,CSCO,30.4913,16,15,11,2,73.33,13.33,0.3107,4.66,0.4813
5m,early_hl_base_2r,early-higher-low,AMKR,0.3172,16,15,6,1,40.0,6.67,-0.3273,-4.909,-0.2593
5m,early_hl_base_2r,early-higher-low,ASTS,55.0161,21,20,8,6,40.0,30.0,-0.2292,-4.584,-0.119
5m,early_hl_base_2r,early-higher-low,RKLB,74.356,20,17,10,5,58.82,29.41,0.3666,6.232,0.0918
5m,early_hl_base_2r,early-higher-low,AMD,45.4853,18,17,10,3,58.82,17.65,0.2309,3.926,0.1529
5m,early_hl_base_2r,early-higher-low,AVGO,6.9625,13,13,5,2,38.46,15.38,-0.1202,-1.562,-0.2154
5m,early_hl_base_2r,early-higher-low,ARM,68.8,17,16,10,5,62.5,31.25,0.3184,5.095,0.4275
5m,early_hl_base_2r,early-higher-low,SMCI,65.9467,16,16,9,5,56.25,31.25,0.3647,5.836,0.1113
5m,early_hl_base_2r,early-higher-low,TSM,6.0014,8,7,3,1,42.86,14.29,0.1181,0.827,0.0743
5m,early_hl_base_2r,early-higher-low,ASML,13.5053,14,13,7,1,53.85,7.69,0.1262,1.64,0.0431
5m,early_hl_base_2r,early-higher-low,MRVL,26.6862,16,15,9,3,60.0,20.0,-0.0016,-0.024,-0.0307
5m,early_hl_base_2r,early-higher-low,ON,20.5818,17,15,6,4,40.0,26.67,-0.0453,-0.679,-0.0193
5m,early_hl_base_2r,early-higher-low,LRCX,26.0093,16,16,5,1,31.25,6.25,-0.1201,-1.922,-0.1331
5m,early_hl_base_2r,early-higher-low,KLAC,12.5525,14,13,4,3,30.77,23.08,-0.0514,-0.668,-0.0369
5m,early_hl_base_2r,early-higher-low,QCOM,43.784,19,19,10,6,52.63,31.58,0.0274,0.52,0.0221
5m,early_hl_base_2r,early-higher-low,ADI,4.4517,7,7,3,0,42.86,0.0,-0.2803,-1.962,-0.2171
5m,early_hl_base_2r,early-higher-low,MCHP,2.4786,13,13,8,1,61.54,7.69,-0.0492,-0.639,0.1092
5m,early_hl_base_2r,early-higher-low,MPWR,1.4242,17,16,9,4,56.25,25.0,0.3275,5.24,0.2875
5m,early_hl_base_2r,early-higher-low,LSCC,21.822,17,16,11,5,68.75,31.25,0.4566,7.306,0.3419
5m,early_hl_base_2r,early-higher-low,ALAB,72.3739,12,10,7,4,70.0,40.0,0.522,5.22,0.456
5m,early_hl_base_2r,early-higher-low,CRDO,35.9261,15,14,10,6,71.43,42.86,0.4944,6.921,0.43
5m,early_hl_base_2r,early-higher-low,COHR,12.0178,19,19,6,2,31.58,10.53,-0.4004,-7.608,-0.2632
5m,early_hl_base_2r,early-higher-low,WOLF,94.3842,10,10,3,2,30.0,20.0,-1.0077,-10.077,-0.439
5m,early_hl_base_2r,early-higher-low,AEHR,2.6934,16,15,6,3,40.0,20.0,-0.4653,-6.98,-0.192
5m,early_hl_base_2r,early-higher-low,PLTR,7.6109,17,16,7,0,43.75,0.0,-0.1256,-2.01,-0.0175
5m,early_hl_base_2r,early-higher-low,APP,31.6596,21,20,7,1,35.0,5.0,-0.1895,-3.79,-0.164
5m,early_hl_base_2r,early-higher-low,SOUN,7.5395,26,24,10,6,41.67,25.0,0.0286,0.687,0.0483
5m,early_hl_base_2r,early-higher-low,BBAI,26.3158,24,22,11,7,50.0,31.82,0.1172,2.578,0.0323
5m,early_hl_base_2r,early-higher-low,AI,18.1357,20,18,4,2,22.22,11.11,-0.4367,-7.86,-0.2961
5m,early_hl_base_2r,early-higher-low,PATH,8.5343,12,12,5,2,41.67,16.67,-0.1237,-1.484,-0.2575
5m,early_hl_base_2r,early-higher-low,UPST,4.3854,19,17,5,4,29.41,23.53,-0.1988,-3.379,-0.1594
5m,early_hl_base_2r,early-higher-low,AFRM,12.9904,19,18,9,1,50.0,5.56,-0.0761,-1.37,-0.0678
5m,early_hl_base_2r,early-higher-low,HOOD,27.7936,17,17,10,5,58.82,29.41,0.4075,6.927,0.4071
5m,early_hl_base_2r,early-higher-low,COIN,-1.8121,20,18,9,2,50.0,11.11,-0.0191,-0.344,-0.0278
5m,early_hl_wide_2r,early-higher-low,MU,89.0837,17,16,9,3,56.25,18.75,0.1285,2.056,0.1119
5m,early_hl_wide_2r,early-higher-low,SNDK,59.2629,16,12,6,4,50.0,33.33,-0.0864,-1.037,-0.1167
5m,early_hl_wide_2r,early-higher-low,GLW,12.9484,13,11,5,3,45.45,27.27,0.0306,0.337,-0.0764
5m,early_hl_wide_2r,early-higher-low,OKLO,-4.8419,17,15,8,5,53.33,33.33,0.0194,0.291,0.056
5m,early_hl_wide_2r,early-higher-low,RGTI,49.2694,19,17,10,7,58.82,41.18,0.7077,12.031,0.27
5m,early_hl_wide_2r,early-higher-low,IONQ,62.8475,20,19,9,4,47.37,21.05,-0.1939,-3.684,-0.1342
5m,early_hl_wide_2r,early-higher-low,CSCO,30.4913,14,14,12,5,85.71,35.71,0.5347,7.486,0.4293
5m,early_hl_wide_2r,early-higher-low,AMKR,0.3172,13,13,5,1,38.46,7.69,-0.2868,-3.728,-0.2285
5m,early_hl_wide_2r,early-higher-low,ASTS,55.0161,23,20,10,7,50.0,35.0,0.3103,6.205,0.1205
5m,early_hl_wide_2r,early-higher-low,RKLB,74.356,21,18,12,8,66.67,44.44,0.3654,6.578,0.1961
5m,early_hl_wide_2r,early-higher-low,AMD,45.4853,16,14,6,1,42.86,7.14,-0.3366,-4.713,-0.285
5m,early_hl_wide_2r,early-higher-low,AVGO,6.9625,10,10,5,2,50.0,20.0,0.161,1.61,0.135
5m,early_hl_wide_2r,early-higher-low,ARM,68.8,15,14,8,5,57.14,35.71,0.4209,5.892,0.3121
5m,early_hl_wide_2r,early-higher-low,SMCI,65.9467,15,14,8,4,57.14,28.57,0.1932,2.705,0.02
5m,early_hl_wide_2r,early-higher-low,TSM,6.0014,9,9,4,0,44.44,0.0,-0.0532,-0.479,0.0533
5m,early_hl_wide_2r,early-higher-low,ASML,13.5053,16,14,6,1,42.86,7.14,-0.0413,-0.578,-0.0614
5m,early_hl_wide_2r,early-higher-low,MRVL,26.6862,15,14,6,3,42.86,21.43,-0.2109,-2.952,-0.1429
5m,early_hl_wide_2r,early-higher-low,ON,20.5818,17,15,9,5,60.0,33.33,0.1158,1.737,0.074
5m,early_hl_wide_2r,early-higher-low,LRCX,26.0093,13,13,6,1,46.15,7.69,-0.0265,-0.344,-0.0531
5m,early_hl_wide_2r,early-higher-low,KLAC,12.5525,15,14,6,1,42.86,7.14,-0.0871,-1.22,-0.0886
5m,early_hl_wide_2r,early-higher-low,QCOM,43.784,17,16,8,4,50.0,25.0,-0.219,-3.504,-0.0731
5m,early_hl_wide_2r,early-higher-low,ADI,4.4517,6,6,3,0,50.0,0.0,-0.1125,-0.675,-0.1283
5m,early_hl_wide_2r,early-higher-low,MCHP,2.4786,13,12,7,1,58.33,8.33,0.037,0.444,0.1133
5m,early_hl_wide_2r,early-higher-low,MPWR,1.4242,18,16,9,3,56.25,18.75,0.1171,1.873,0.1063
5m,early_hl_wide_2r,early-higher-low,LSCC,21.822,19,18,12,6,66.67,33.33,0.3482,6.268,0.2467
5m,early_hl_wide_2r,early-higher-low,ALAB,72.3739,16,15,11,8,73.33,53.33,0.9185,13.777,0.4813
5m,early_hl_wide_2r,early-higher-low,CRDO,35.9261,17,15,10,7,66.67,46.67,0.6112,9.168,0.2667
5m,early_hl_wide_2r,early-higher-low,COHR,12.0178,16,15,6,3,40.0,20.0,-0.1823,-2.735,-0.0073
5m,early_hl_wide_2r,early-higher-low,WOLF,94.3842,10,10,2,2,20.0,20.0,-1.0126,-10.126,-0.393
5m,early_hl_wide_2r,early-higher-low,AEHR,2.6934,18,17,6,5,35.29,29.41,-0.1726,-2.935,-0.1088
5m,early_hl_wide_2r,early-higher-low,PLTR,7.6109,16,16,4,2,25.0,12.5,-0.1627,-2.603,-0.0863
5m,early_hl_wide_2r,early-higher-low,APP,31.6596,15,14,9,2,64.29,14.29,0.0314,0.439,0.0286
5m,early_hl_wide_2r,early-higher-low,SOUN,7.5395,23,22,10,8,45.45,36.36,0.2204,4.849,0.2532
5m,early_hl_wide_2r,early-higher-low,BBAI,26.3158,21,19,9,6,47.37,31.58,0.0723,1.373,-0.0805
5m,early_hl_wide_2r,early-higher-low,AI,18.1357,18,18,6,2,33.33,11.11,-0.4839,-8.71,-0.2067
5m,early_hl_wide_2r,early-higher-low,PATH,8.5343,16,16,6,3,37.5,18.75,-0.0042,-0.067,-0.1369
5m,early_hl_wide_2r,early-higher-low,UPST,4.3854,18,16,6,3,37.5,18.75,-0.2142,-3.427,-0.1669
5m,early_hl_wide_2r,early-higher-low,AFRM,12.9904,20,18,9,3,50.0,16.67,-0.0463,-0.834,-0.0417
5m,early_hl_wide_2r,early-higher-low,HOOD,27.7936,19,18,7,5,38.89,27.78,0.2281,4.105,0.2056
5m,early_hl_wide_2r,early-higher-low,COIN,-1.8121,20,16,8,4,50.0,25.0,0.2613,4.181,0.085
5m,early_hl_tight_2p5r,early-higher-low,MU,89.0837,16,15,6,4,40.0,26.67,-0.1442,-2.163,0.03
5m,early_hl_tight_2p5r,early-higher-low,SNDK,59.2629,11,8,5,3,62.5,37.5,0.1091,0.873,0.0487
5m,early_hl_tight_2p5r,early-higher-low,GLW,12.9484,15,13,4,3,30.77,23.08,0.015,0.195,-0.0869
5m,early_hl_tight_2p5r,early-higher-low,OKLO,-4.8419,18,17,7,4,41.18,23.53,-0.1675,-2.848,-0.0976
5m,early_hl_tight_2p5r,early-higher-low,RGTI,49.2694,16,14,8,5,57.14,35.71,0.1213,1.698,0.0271
5m,early_hl_tight_2p5r,early-higher-low,IONQ,62.8475,16,15,8,1,53.33,6.67,-0.3443,-5.164,-0.2687
5m,early_hl_tight_2p5r,early-higher-low,CSCO,30.4913,12,11,10,2,90.91,18.18,0.4495,4.944,0.6555
5m,early_hl_tight_2p5r,early-higher-low,AMKR,0.3172,15,13,3,1,23.08,7.69,-0.6039,-7.851,-0.47
5m,early_hl_tight_2p5r,early-higher-low,ASTS,55.0161,17,15,5,2,33.33,13.33,-0.4884,-7.326,-0.3113
5m,early_hl_tight_2p5r,early-higher-low,RKLB,74.356,14,13,5,5,38.46,38.46,0.4672,6.074,0.1885
5m,early_hl_tight_2p5r,early-higher-low,AMD,45.4853,17,16,10,3,62.5,18.75,0.2163,3.461,0.1688
5m,early_hl_tight_2p5r,early-higher-low,AVGO,6.9625,6,5,0,0,0.0,0.0,-0.794,-3.97,-0.774
5m,early_hl_tight_2p5r,early-higher-low,ARM,68.8,16,14,10,4,71.43,28.57,0.5866,8.212,0.5371
5m,early_hl_tight_2p5r,early-higher-low,SMCI,65.9467,12,12,7,3,58.33,25.0,0.4293,5.152,0.1825
5m,early_hl_tight_2p5r,early-higher-low,TSM,6.0014,7,6,1,0,16.67,0.0,-0.1348,-0.809,-0.1833
5m,early_hl_tight_2p5r,early-higher-low,ASML,13.5053,9,9,4,0,44.44,0.0,-0.057,-0.513,-0.0467
5m,early_hl_tight_2p5r,early-higher-low,MRVL,26.6862,15,13,5,4,38.46,30.77,-0.1241,-1.613,-0.1185
5m,early_hl_tight_2p5r,early-higher-low,ON,20.5818,15,14,7,5,50.0,35.71,0.1086,1.52,0.1171
5m,early_hl_tight_2p5r,early-higher-low,LRCX,26.0093,13,12,5,2,41.67,16.67,-0.0843,-1.012,-0.1317
5m,early_hl_tight_2p5r,early-higher-low,KLAC,12.5525,12,11,5,1,45.45,9.09,-0.0109,-0.12,0.0582
5m,early_hl_tight_2p5r,early-higher-low,QCOM,43.784,16,16,6,4,37.5,25.0,-0.2257,-3.611,-0.0906
5m,early_hl_tight_2p5r,early-higher-low,ADI,4.4517,6,6,3,0,50.0,0.0,-0.1205,-0.723,-0.0317
5m,early_hl_tight_2p5r,early-higher-low,MCHP,2.4786,10,10,6,1,60.0,10.0,-0.0844,-0.844,0.104
5m,early_hl_tight_2p5r,early-higher-low,MPWR,1.4242,13,13,8,2,61.54,15.38,0.1866,2.426,0.29
5m,early_hl_tight_2p5r,early-higher-low,LSCC,21.822,15,14,9,3,64.29,21.43,0.4564,6.389,0.4429
5m,early_hl_tight_2p5r,early-higher-low,ALAB,72.3739,11,9,7,5,77.78,55.56,1.1477,10.329,0.9
5m,early_hl_tight_2p5r,early-higher-low,CRDO,35.9261,15,13,8,5,61.54,38.46,0.5881,7.645,0.57
5m,early_hl_tight_2p5r,early-higher-low,COHR,12.0178,18,17,4,1,23.53,5.88,-0.6778,-11.522,-0.3971
5m,early_hl_tight_2p5r,early-higher-low,WOLF,94.3842,9,9,2,2,22.22,22.22,-1.0121,-9.109,-0.4889
5m,early_hl_tight_2p5r,early-higher-low,AEHR,2.6934,15,14,3,2,21.43,14.29,-0.8081,-11.313,-0.2979
5m,early_hl_tight_2p5r,early-higher-low,PLTR,7.6109,13,12,5,2,41.67,16.67,-0.0439,-0.527,0.085
5m,early_hl_tight_2p5r,early-higher-low,APP,31.6596,18,15,7,1,46.67,6.67,-0.0987,-1.48,-0.0667
5m,early_hl_tight_2p5r,early-higher-low,SOUN,7.5395,22,22,9,7,40.91,31.82,0.0688,1.514,0.095
5m,early_hl_tight_2p5r,early-higher-low,BBAI,26.3158,22,20,9,7,45.0,35.0,0.0162,0.325,-0.104
5m,early_hl_tight_2p5r,early-higher-low,AI,18.1357,17,15,6,4,40.0,26.67,-0.0162,-0.243,0.054
5m,early_hl_tight_2p5r,early-higher-low,PATH,8.5343,11,11,5,2,45.45,18.18,0.0535,0.588,-0.1718
5m,early_hl_tight_2p5r,early-higher-low,UPST,4.3854,15,13,4,3,30.77,23.08,-0.158,-2.054,-0.0962
5m,early_hl_tight_2p5r,early-higher-low,AFRM,12.9904,16,15,8,3,53.33,20.0,0.1145,1.717,0.1013
5m,early_hl_tight_2p5r,early-higher-low,HOOD,27.7936,15,15,6,4,40.0,26.67,0.2859,4.288,0.218
5m,early_hl_tight_2p5r,early-higher-low,COIN,-1.8121,18,17,8,5,47.06,29.41,0.3446,5.858,0.2247
5m,early_hl_wide_3r,early-higher-low,MU,89.0837,15,15,8,4,53.33,26.67,0.0763,1.144,0.1593
5m,early_hl_wide_3r,early-higher-low,SNDK,59.2629,12,10,5,3,50.0,30.0,0.1227,1.227,-0.022
5m,early_hl_wide_3r,early-higher-low,GLW,12.9484,13,11,5,3,45.45,27.27,0.2242,2.466,0.0073
5m,early_hl_wide_3r,early-higher-low,OKLO,-4.8419,17,15,9,4,60.0,26.67,0.0606,0.909,0.1187
5m,early_hl_wide_3r,early-higher-low,RGTI,49.2694,19,15,7,5,46.67,33.33,0.927,13.905,0.348
5m,early_hl_wide_3r,early-higher-low,IONQ,62.8475,19,16,9,6,56.25,37.5,0.3392,5.427,0.0325
5m,early_hl_wide_3r,early-higher-low,CSCO,30.4913,5,5,5,1,100.0,20.0,0.782,3.91,0.734
5m,early_hl_wide_3r,early-higher-low,AMKR,0.3172,10,9,5,2,55.56,22.22,-0.0552,-0.497,-0.1256
5m,early_hl_wide_3r,early-higher-low,ASTS,55.0161,23,18,9,5,50.0,27.78,0.2036,3.665,0.0922
5m,early_hl_wide_3r,early-higher-low,RKLB,74.356,19,15,12,8,80.0,53.33,1.2025,18.037,0.5613
5m,early_hl_wide_3r,early-higher-low,AMD,45.4853,11,11,7,2,63.64,18.18,0.2856,3.142,0.0218
5m,early_hl_wide_3r,early-higher-low,AVGO,6.9625,6,5,2,0,40.0,0.0,-0.3896,-1.948,-0.192
5m,early_hl_wide_3r,early-higher-low,ARM,68.8,14,12,4,3,33.33,25.0,0.2548,3.058,0.1083
5m,early_hl_wide_3r,early-higher-low,SMCI,65.9467,14,13,7,3,53.85,23.08,-0.0649,-0.844,-0.1354
5m,early_hl_wide_3r,early-higher-low,TSM,6.0014,8,8,3,0,37.5,0.0,-0.0663,-0.53,0.0163
5m,early_hl_wide_3r,early-higher-low,ASML,13.5053,8,8,3,0,37.5,0.0,-0.1022,-0.818,-0.0625
5m,early_hl_wide_3r,early-higher-low,MRVL,26.6862,14,11,4,1,36.36,9.09,-0.2369,-2.606,-0.1127
5m,early_hl_wide_3r,early-higher-low,ON,20.5818,16,13,8,4,61.54,30.77,0.2885,3.75,0.0946
5m,early_hl_wide_3r,early-higher-low,LRCX,26.0093,9,9,5,1,55.56,11.11,0.1607,1.446,0.0567
5m,early_hl_wide_3r,early-higher-low,KLAC,12.5525,11,11,5,0,45.45,0.0,-0.3753,-4.128,-0.2009
5m,early_hl_wide_3r,early-higher-low,QCOM,43.784,14,13,6,4,46.15,30.77,-0.0399,-0.519,-0.0008
5m,early_hl_wide_3r,early-higher-low,ADI,4.4517,3,3,1,0,33.33,0.0,-0.3077,-0.923,-0.3233
5m,early_hl_wide_3r,early-higher-low,MCHP,2.4786,9,8,5,1,62.5,12.5,0.1555,1.244,0.1275
5m,early_hl_wide_3r,early-higher-low,MPWR,1.4242,13,13,8,3,61.54,23.08,0.2069,2.69,0.1508
5m,early_hl_wide_3r,early-higher-low,LSCC,21.822,15,14,8,2,57.14,14.29,-0.1464,-2.049,-0.0607
5m,early_hl_wide_3r,early-higher-low,ALAB,72.3739,16,13,11,6,84.62,46.15,1.1131,14.47,0.5685
5m,early_hl_wide_3r,early-higher-low,CRDO,35.9261,17,14,9,6,64.29,42.86,0.46,6.44,0.2114
5m,early_hl_wide_3r,early-higher-low,COHR,12.0178,15,14,6,3,42.86,21.43,-0.1275,-1.785,0.0457
5m,early_hl_wide_3r,early-higher-low,WOLF,94.3842,10,10,2,2,20.0,20.0,-1.1532,-11.532,-0.448
5m,early_hl_wide_3r,early-higher-low,AEHR,2.6934,18,15,5,4,33.33,26.67,-0.4245,-6.368,-0.2
5m,early_hl_wide_3r,early-higher-low,PLTR,7.6109,11,11,3,2,27.27,18.18,-0.2094,-2.303,-0.0573
5m,early_hl_wide_3r,early-higher-low,APP,31.6596,12,11,6,2,54.55,18.18,-0.0206,-0.227,-0.05
5m,early_hl_wide_3r,early-higher-low,SOUN,7.5395,23,19,10,7,52.63,36.84,0.3988,7.577,0.4632
5m,early_hl_wide_3r,early-higher-low,BBAI,26.3158,19,18,7,5,38.89,27.78,-0.0868,-1.562,-0.0928
5m,early_hl_wide_3r,early-higher-low,AI,18.1357,16,16,9,3,56.25,18.75,-0.3067,-4.907,-0.1406
5m,early_hl_wide_3r,early-higher-low,PATH,8.5343,12,11,4,2,36.36,18.18,-0.1535,-1.689,-0.0955
5m,early_hl_wide_3r,early-higher-low,UPST,4.3854,14,12,2,2,16.67,16.67,-0.3003,-3.604,-0.2242
5m,early_hl_wide_3r,early-higher-low,AFRM,12.9904,15,14,7,3,50.0,21.43,0.2615,3.661,0.1136
5m,early_hl_wide_3r,early-higher-low,HOOD,27.7936,14,14,7,5,50.0,35.71,0.4396,6.154,0.295
5m,early_hl_wide_3r,early-higher-low,COIN,-1.8121,17,12,5,4,41.67,33.33,0.2889,3.467,0.1375
15m,breakout_base_2r,breakout,MU,83.4428,5,5,1,1,20.0,20.0,-0.8764,-4.382,-0.328
15m,breakout_base_2r,breakout,SNDK,52.5178,10,10,4,2,40.0,20.0,0.1751,1.751,-0.063
15m,breakout_base_2r,breakout,GLW,10.7532,6,5,2,1,40.0,20.0,-0.1886,-0.943,-0.036
15m,breakout_base_2r,breakout,OKLO,-4.747,8,5,3,1,60.0,20.0,-0.254,-1.27,-0.082
15m,breakout_base_2r,breakout,RGTI,49.0517,8,5,2,2,40.0,40.0,0.3348,1.674,0.294
15m,breakout_base_2r,breakout,IONQ,61.7145,5,2,0,0,0.0,0.0,-2.1225,-4.245,-0.79
15m,breakout_base_2r,breakout,CSCO,29.8792,12,9,4,0,44.44,0.0,0.0094,0.085,-0.0011
15m,breakout_base_2r,breakout,AMKR,0.2016,7,5,1,1,20.0,20.0,-0.6116,-3.058,-0.23
15m,breakout_base_2r,breakout,ASTS,54.667,4,4,4,2,100.0,50.0,1.7038,6.815,0.6775
15m,breakout_base_2r,breakout,RKLB,74.9512,7,6,2,0,33.33,0.0,-0.805,-4.83,-0.2417
15m,breakout_base_2r,breakout,AMD,45.5427,6,4,2,0,50.0,0.0,-0.3057,-1.223,-0.1025
15m,breakout_base_2r,breakout,AVGO,6.1702,5,5,2,0,40.0,0.0,-0.0208,-0.104,0.006
15m,breakout_base_2r,breakout,ARM,65.6061,7,4,1,0,25.0,0.0,-0.8905,-3.562,-0.3525
15m,breakout_base_2r,breakout,SMCI,63.3084,6,6,3,2,50.0,33.33,0.2132,1.279,0.085
15m,breakout_base_2r,breakout,TSM,4.2356,5,5,2,1,40.0,20.0,0.1422,0.711,0.05
15m,breakout_base_2r,breakout,ASML,12.3628,7,6,4,1,66.67,16.67,0.1795,1.077,0.0433
15m,breakout_base_2r,breakout,MRVL,25.0061,7,7,3,1,42.86,14.29,-0.1353,-0.947,-0.0029
15m,breakout_base_2r,breakout,ON,19.4356,4,3,2,0,66.67,0.0,-0.0143,-0.043,0.0367
15m,breakout_base_2r,breakout,LRCX,24.2811,7,5,1,0,20.0,0.0,-0.2882,-1.441,-0.128
15m,breakout_base_2r,breakout,KLAC,11.6596,7,7,1,1,14.29,14.29,-0.2189,-1.532,-0.1443
15m,breakout_base_2r,breakout,QCOM,44.1389,5,3,3,2,100.0,66.67,1.0367,3.11,0.39
15m,breakout_base_2r,breakout,ADI,3.9478,9,8,4,2,50.0,25.0,0.3277,2.622,0.2412
15m,breakout_base_2r,breakout,MCHP,2.0699,10,7,4,1,57.14,14.29,0.1061,0.743,0.0514
15m,breakout_base_2r,breakout,MPWR,-0.7799,11,10,6,2,60.0,20.0,0.1191,1.191,0.073
15m,breakout_base_2r,breakout,LSCC,20.5738,7,7,4,1,57.14,14.29,0.2179,1.525,0.07
15m,breakout_base_2r,breakout,ALAB,69.4345,8,6,5,3,83.33,50.0,0.6727,4.036,0.1883
15m,breakout_base_2r,breakout,CRDO,33.8584,4,3,2,0,66.67,0.0,0.086,0.258,0.08
15m,breakout_base_2r,breakout,COHR,8.9125,3,3,2,1,66.67,33.33,0.896,2.688,0.3467
15m,breakout_base_2r,breakout,WOLF,88.3832,5,4,2,2,50.0,50.0,2.8035,11.214,0.5825
15m,breakout_base_2r,breakout,AEHR,0.7644,3,3,3,3,100.0,100.0,4.1723,12.517,1.04
15m,breakout_base_2r,breakout,PLTR,7.9261,9,7,2,0,28.57,0.0,-0.0014,-0.01,-0.0029
15m,breakout_base_2r,breakout,APP,32.2903,5,4,1,1,25.0,25.0,-0.3982,-1.593,-0.12
15m,breakout_base_2r,breakout,SOUN,4.1146,7,7,2,2,28.57,28.57,-0.6834,-4.784,-0.3443
15m,breakout_base_2r,breakout,BBAI,25.2174,9,7,3,2,42.86,28.57,0.2939,2.057,0.1171
15m,breakout_base_2r,breakout,AI,18.4268,5,3,1,1,33.33,33.33,-0.08,-0.24,-0.0833
15m,breakout_base_2r,breakout,PATH,9.2947,3,1,1,0,100.0,0.0,0.281,0.281,0.1
15m,breakout_base_2r,breakout,UPST,5.296,9,8,5,2,62.5,25.0,0.0409,0.327,0.0275
15m,breakout_base_2r,breakout,AFRM,13.3846,4,3,2,2,66.67,66.67,0.9097,2.729,0.44
15m,breakout_base_2r,breakout,HOOD,28.4867,8,7,6,1,85.71,14.29,0.6479,4.535,0.2971
15m,breakout_base_2r,breakout,COIN,-0.8186,7,5,3,1,60.0,20.0,-0.0888,-0.444,-0.046
15m,breakout_wide_2r,breakout,MU,83.4428,9,7,2,1,28.57,14.29,-0.7641,-5.349,-0.2729
15m,breakout_wide_2r,breakout,SNDK,52.5178,11,11,4,2,36.36,18.18,0.1697,1.867,-0.0309
15m,breakout_wide_2r,breakout,GLW,10.7532,7,6,3,1,50.0,16.67,-0.1057,-0.634,-0.015
15m,breakout_wide_2r,breakout,OKLO,-4.747,10,7,4,1,57.14,14.29,-0.244,-1.708,-0.0714
15m,breakout_wide_2r,breakout,RGTI,49.0517,9,6,2,2,33.33,33.33,-0.0347,-0.208,0.085
15m,breakout_wide_2r,breakout,IONQ,61.7145,6,3,0,0,0.0,0.0,-0.6887,-2.066,-0.22
15m,breakout_wide_2r,breakout,CSCO,29.8792,10,8,2,1,25.0,12.5,-0.0074,-0.059,-0.0037
15m,breakout_wide_2r,breakout,AMKR,0.2016,8,6,1,1,16.67,16.67,-0.6408,-3.845,-0.215
15m,breakout_wide_2r,breakout,ASTS,54.667,5,5,5,3,100.0,60.0,2.3584,11.792,0.714
15m,breakout_wide_2r,breakout,RKLB,74.9512,8,7,3,0,42.86,0.0,-0.5786,-4.05,-0.1657
15m,breakout_wide_2r,breakout,AMD,45.5427,7,5,4,0,80.0,0.0,0.1126,0.563,0.028
15m,breakout_wide_2r,breakout,AVGO,6.1702,6,6,3,0,50.0,0.0,-0.0343,-0.206,0.0067
15m,breakout_wide_2r,breakout,ARM,65.6061,7,4,1,0,25.0,0.0,-0.8905,-3.562,-0.32
15m,breakout_wide_2r,breakout,SMCI,63.3084,6,6,4,2,66.67,33.33,0.3547,2.128,0.1483
15m,breakout_wide_2r,breakout,TSM,4.2356,6,5,2,1,40.0,20.0,0.1422,0.711,0.05
15m,breakout_wide_2r,breakout,ASML,12.3628,10,8,4,1,50.0,12.5,-0.0631,-0.505,-0.0725
15m,breakout_wide_2r,breakout,MRVL,25.0061,7,7,3,1,42.86,14.29,-0.1353,-0.947,0.0014
15m,breakout_wide_2r,breakout,ON,19.4356,5,3,2,1,66.67,33.33,0.1033,0.31,0.11
15m,breakout_wide_2r,breakout,LRCX,24.2811,9,6,1,0,16.67,0.0,-0.2737,-1.642,-0.1017
15m,breakout_wide_2r,breakout,KLAC,11.6596,7,7,1,1,14.29,14.29,-0.1076,-0.753,-0.0657
15m,breakout_wide_2r,breakout,QCOM,44.1389,8,6,5,4,83.33,66.67,0.7658,4.595,0.24
15m,breakout_wide_2r,breakout,ADI,3.9478,10,8,4,2,50.0,25.0,0.2295,1.836,0.1562
15m,breakout_wide_2r,breakout,MCHP,2.0699,7,5,4,1,80.0,20.0,0.2598,1.299,0.13
15m,breakout_wide_2r,breakout,MPWR,-0.7799,12,11,6,2,54.55,18.18,0.0976,1.074,0.0482
15m,breakout_wide_2r,breakout,LSCC,20.5738,9,9,7,1,77.78,11.11,0.3183,2.865,0.0911
15m,breakout_wide_2r,breakout,ALAB,69.4345,9,6,5,3,83.33,50.0,0.679,4.074,0.1767
15m,breakout_wide_2r,breakout,CRDO,33.8584,7,6,4,2,66.67,33.33,-0.108,-0.648,0.0
15m,breakout_wide_2r,breakout,COHR,8.9125,5,5,2,1,40.0,20.0,-0.0172,-0.086,0.076
15m,breakout_wide_2r,breakout,WOLF,88.3832,7,4,3,3,75.0,75.0,3.3503,13.401,0.6625
15m,breakout_wide_2r,breakout,AEHR,0.7644,4,4,3,3,75.0,75.0,2.706,10.824,0.6525
15m,breakout_wide_2r,breakout,PLTR,7.9261,13,11,4,1,36.36,9.09,0.1182,1.3,0.0345
15m,breakout_wide_2r,breakout,APP,32.2903,8,6,1,1,16.67,16.67,-0.3865,-2.319,-0.1167
15m,breakout_wide_2r,breakout,SOUN,4.1146,10,9,4,2,44.44,22.22,-0.3377,-3.039,-0.1767
15m,breakout_wide_2r,breakout,BBAI,25.2174,12,10,6,4,60.0,40.0,0.8563,8.563,0.23
15m,breakout_wide_2r,breakout,AI,18.4268,9,7,1,1,14.29,14.29,-0.9324,-6.527,-0.4014
15m,breakout_wide_2r,breakout,PATH,9.2947,4,2,2,0,100.0,0.0,0.5195,1.039,0.21
15m,breakout_wide_2r,breakout,UPST,5.296,11,8,4,2,50.0,25.0,0.0112,0.09,0.0663
15m,breakout_wide_2r,breakout,AFRM,13.3846,4,3,2,2,66.67,66.67,0.9523,2.857,0.4067
15m,breakout_wide_2r,breakout,HOOD,28.4867,8,6,5,1,83.33,16.67,0.7427,4.456,0.3333
15m,breakout_wide_2r,breakout,COIN,-0.8186,11,8,3,1,37.5,12.5,-0.4839,-3.871,-0.1825
15m,breakout_tight_2p5r,breakout,MU,83.4428,4,4,1,1,25.0,25.0,-1.1713,-4.685,-0.43
15m,breakout_tight_2p5r,breakout,SNDK,52.5178,9,9,4,2,44.44,22.22,0.2037,1.833,-0.0522
15m,breakout_tight_2p5r,breakout,GLW,10.7532,6,5,2,1,40.0,20.0,-0.4896,-2.448,-0.21
15m,breakout_tight_2p5r,breakout,OKLO,-4.747,8,5,3,1,60.0,20.0,-0.254,-1.27,-0.082
15m,breakout_tight_2p5r,breakout,RGTI,49.0517,8,5,2,2,40.0,40.0,0.5344,2.672,0.394
15m,breakout_tight_2p5r,breakout,IONQ,61.7145,5,2,0,0,0.0,0.0,-2.1225,-4.245,-0.79
15m,breakout_tight_2p5r,breakout,CSCO,29.8792,4,3,1,0,33.33,0.0,0.2157,0.647,0.12
15m,breakout_tight_2p5r,breakout,AMKR,0.2016,4,3,1,1,33.33,33.33,0.1103,0.331,0.0433
15m,breakout_tight_2p5r,breakout,ASTS,54.667,4,3,3,2,100.0,66.67,2.3413,7.024,0.99
15m,breakout_tight_2p5r,breakout,RKLB,74.9512,7,6,2,0,33.33,0.0,-0.805,-4.83,-0.2417
15m,breakout_tight_2p5r,breakout,AMD,45.5427,6,4,2,0,50.0,0.0,-0.3057,-1.223,-0.105
15m,breakout_tight_2p5r,breakout,AVGO,6.1702,2,2,1,0,50.0,0.0,0.1545,0.309,0.095
15m,breakout_tight_2p5r,breakout,ARM,65.6061,6,3,1,0,33.33,0.0,-0.56,-1.68,-0.2833
15m,breakout_tight_2p5r,breakout,SMCI,63.3084,5,5,3,2,60.0,40.0,0.4512,2.256,0.158
15m,breakout_tight_2p5r,breakout,TSM,4.2356,5,5,2,1,40.0,20.0,0.104,0.52,0.058
15m,breakout_tight_2p5r,breakout,ASML,12.3628,3,2,1,0,50.0,0.0,-0.169,-0.338,-0.23
15m,breakout_tight_2p5r,breakout,MRVL,25.0061,7,7,3,1,42.86,14.29,-0.1353,-0.947,-0.0029
15m,breakout_tight_2p5r,breakout,ON,19.4356,3,3,2,0,66.67,0.0,-0.0143,-0.043,0.0367
15m,breakout_tight_2p5r,breakout,LRCX,24.2811,6,4,1,0,25.0,0.0,-0.1378,-0.551,-0.0875
15m,breakout_tight_2p5r,breakout,KLAC,11.6596,7,7,1,1,14.29,14.29,-0.2189,-1.532,-0.1371
15m,breakout_tight_2p5r,breakout,QCOM,44.1389,5,3,3,2,100.0,66.67,0.972,2.916,0.3633
15m,breakout_tight_2p5r,breakout,ADI,3.9478,6,4,1,1,25.0,25.0,-0.1965,-0.786,-0.0475
15m,breakout_tight_2p5r,breakout,MCHP,2.0699,8,5,3,1,60.0,20.0,0.1006,0.503,0.032
15m,breakout_tight_2p5r,breakout,MPWR,-0.7799,10,9,3,2,33.33,22.22,-0.0423,-0.381,-0.0156
15m,breakout_tight_2p5r,breakout,LSCC,20.5738,7,7,4,1,57.14,14.29,0.2179,1.525,0.07
15m,breakout_tight_2p5r,breakout,ALAB,69.4345,7,5,4,3,80.0,60.0,0.6704,3.352,0.184
15m,breakout_tight_2p5r,breakout,CRDO,33.8584,4,3,2,0,66.67,0.0,0.086,0.258,0.08
15m,breakout_tight_2p5r,breakout,COHR,8.9125,3,3,2,1,66.67,33.33,0.896,2.688,0.3467
15m,breakout_tight_2p5r,breakout,WOLF,88.3832,5,4,3,3,75.0,75.0,3.8615,15.446,0.7975
15m,breakout_tight_2p5r,breakout,AEHR,0.7644,2,2,2,2,100.0,100.0,2.2,4.4,0.51
15m,breakout_tight_2p5r,breakout,PLTR,7.9261,8,6,1,0,16.67,0.0,-0.0872,-0.523,-0.0683
15m,breakout_tight_2p5r,breakout,APP,32.2903,4,3,1,1,33.33,33.33,-0.271,-0.813,-0.0833
15m,breakout_tight_2p5r,breakout,SOUN,4.1146,6,6,2,2,33.33,33.33,-0.4368,-2.621,-0.3133
15m,breakout_tight_2p5r,breakout,BBAI,25.2174,9,7,3,2,42.86,28.57,0.2939,2.057,0.1171
15m,breakout_tight_2p5r,breakout,AI,18.4268,5,3,1,1,33.33,33.33,-0.08,-0.24,-0.0833
15m,breakout_tight_2p5r,breakout,PATH,9.2947,2,1,1,0,100.0,0.0,0.281,0.281,0.1
15m,breakout_tight_2p5r,breakout,UPST,5.296,7,6,3,1,50.0,16.67,-0.2877,-1.726,-0.0783
15m,breakout_tight_2p5r,breakout,AFRM,13.3846,4,3,2,2,66.67,66.67,0.9523,2.857,0.4567
15m,breakout_tight_2p5r,breakout,HOOD,28.4867,8,6,5,1,83.33,16.67,0.6437,3.862,0.2983
15m,breakout_tight_2p5r,breakout,COIN,-0.8186,5,3,3,1,100.0,33.33,0.6267,1.88,0.26
15m,breakout_wide_3r,breakout,MU,83.4428,8,6,2,1,33.33,16.67,-0.8192,-4.915,-0.2633
15m,breakout_wide_3r,breakout,SNDK,52.5178,10,10,4,2,40.0,20.0,0.1971,1.971,-0.021
15m,breakout_wide_3r,breakout,GLW,10.7532,7,6,3,1,50.0,16.67,-0.121,-0.726,-0.0217
15m,breakout_wide_3r,breakout,OKLO,-4.747,10,7,4,1,57.14,14.29,-0.2979,-2.085,-0.0814
15m,breakout_wide_3r,breakout,RGTI,49.0517,9,5,2,2,40.0,40.0,0.5364,2.682,0.306
15m,breakout_wide_3r,breakout,IONQ,61.7145,5,2,0,0,0.0,0.0,-0.8855,-1.771,-0.27
15m,breakout_wide_3r,breakout,CSCO,29.8792,5,3,1,0,33.33,0.0,0.2157,0.647,0.0933
15m,breakout_wide_3r,breakout,AMKR,0.2016,7,6,1,1,16.67,16.67,-0.7313,-4.388,-0.2217
15m,breakout_wide_3r,breakout,ASTS,54.667,5,5,5,3,100.0,60.0,2.2886,11.443,0.632
15m,breakout_wide_3r,breakout,RKLB,74.9512,8,7,3,0,42.86,0.0,-0.5786,-4.05,-0.1543
15m,breakout_wide_3r,breakout,AMD,45.5427,7,5,4,0,80.0,0.0,0.1126,0.563,0.024
15m,breakout_wide_3r,breakout,AVGO,6.1702,3,3,1,0,33.33,0.0,-0.0777,-0.233,-0.0033
15m,breakout_wide_3r,breakout,ARM,65.6061,7,4,1,0,25.0,0.0,-0.8905,-3.562,-0.2925
15m,breakout_wide_3r,breakout,SMCI,63.3084,6,6,3,2,50.0,33.33,0.2132,1.279,0.0733
15m,breakout_wide_3r,breakout,TSM,4.2356,5,5,2,1,40.0,20.0,0.104,0.52,0.046
15m,breakout_wide_3r,breakout,ASML,12.3628,6,4,2,0,50.0,0.0,-0.1905,-0.762,-0.11
15m,breakout_wide_3r,breakout,MRVL,25.0061,7,7,3,1,42.86,14.29,-0.1353,-0.947,-0.0057
15m,breakout_wide_3r,breakout,ON,19.4356,5,3,2,0,66.67,0.0,-0.0143,-0.043,0.0267
15m,breakout_wide_3r,breakout,LRCX,24.2811,8,6,1,0,16.67,0.0,-0.325,-1.95,-0.1117
15m,breakout_wide_3r,breakout,KLAC,11.6596,7,7,1,1,14.29,14.29,-0.2189,-1.532,-0.1057
15m,breakout_wide_3r,breakout,QCOM,44.1389,8,6,5,4,83.33,66.67,0.7658,4.595,0.2217
15m,breakout_wide_3r,breakout,ADI,3.9478,7,4,1,1,25.0,25.0,-0.1965,-0.786,-0.045
15m,breakout_wide_3r,breakout,MCHP,2.0699,8,5,3,1,60.0,20.0,0.1006,0.503,0.03
15m,breakout_wide_3r,breakout,MPWR,-0.7799,12,11,6,2,54.55,18.18,0.0645,0.709,0.04
15m,breakout_wide_3r,breakout,LSCC,20.5738,8,8,5,1,62.5,12.5,0.2936,2.349,0.0712
15m,breakout_wide_3r,breakout,ALAB,69.4345,9,6,5,3,83.33,50.0,0.591,3.546,0.1333
15m,breakout_wide_3r,breakout,CRDO,33.8584,7,5,3,1,60.0,20.0,-0.3268,-1.634,-0.064
15m,breakout_wide_3r,breakout,COHR,8.9125,4,4,2,1,50.0,25.0,0.2825,1.13,0.15
15m,breakout_wide_3r,breakout,WOLF,88.3832,6,4,2,2,50.0,50.0,2.2812,9.125,0.4325
15m,breakout_wide_3r,breakout,AEHR,0.7644,4,4,3,3,75.0,75.0,1.2125,4.85,0.295
15m,breakout_wide_3r,breakout,PLTR,7.9261,10,8,2,1,25.0,12.5,0.0814,0.651,-0.0025
15m,breakout_wide_3r,breakout,APP,32.2903,7,6,1,1,16.67,16.67,-0.4165,-2.499,-0.115
15m,breakout_wide_3r,breakout,SOUN,4.1146,9,9,4,2,44.44,22.22,-0.2617,-2.355,-0.1411
15m,breakout_wide_3r,breakout,BBAI,25.2174,12,10,6,4,60.0,40.0,0.8563,8.563,0.214
15m,breakout_wide_3r,breakout,AI,18.4268,6,4,1,1,25.0,25.0,-0.1957,-0.783,-0.06
15m,breakout_wide_3r,breakout,PATH,9.2947,2,1,1,0,100.0,0.0,0.281,0.281,0.09
15m,breakout_wide_3r,breakout,UPST,5.296,10,7,3,1,42.86,14.29,-0.3946,-2.762,-0.1143
15m,breakout_wide_3r,breakout,AFRM,13.3846,4,3,2,2,66.67,66.67,0.9523,2.857,0.3667
15m,breakout_wide_3r,breakout,HOOD,28.4867,8,6,5,1,83.33,16.67,0.6437,3.862,0.2433
15m,breakout_wide_3r,breakout,COIN,-0.8186,9,5,3,1,60.0,20.0,-0.1876,-0.938,-0.072
15m,early_hl_base_2r,early-higher-low,MU,83.4428,1,1,0,0,0.0,0.0,-1.7,-1.7,-1.0
15m,early_hl_base_2r,early-higher-low,SNDK,52.5178,2,2,2,0,100.0,0.0,0.591,1.182,0.215
15m,early_hl_base_2r,early-higher-low,GLW,10.7532,3,3,1,0,33.33,0.0,-0.4333,-1.3,-0.1133
15m,early_hl_base_2r,early-higher-low,OKLO,-4.747,1,1,1,1,100.0,100.0,1.608,1.608,0.76
15m,early_hl_base_2r,early-higher-low,RGTI,49.0517,1,0,0,0,0.0,0.0,0.0,0.0,0.0
15m,early_hl_base_2r,early-higher-low,IONQ,61.7145,0,0,0,0,0.0,0.0,0.0,0.0,0.0
15m,early_hl_base_2r,early-higher-low,CSCO,29.8792,5,5,4,0,80.0,0.0,0.2962,1.481,0.294
15m,early_hl_base_2r,early-higher-low,AMKR,0.2016,1,1,1,0,100.0,0.0,0.792,0.792,0.65
15m,early_hl_base_2r,early-higher-low,ASTS,54.667,0,0,0,0,0.0,0.0,0.0,0.0,0.0
15m,early_hl_base_2r,early-higher-low,RKLB,74.9512,2,2,2,1,100.0,50.0,1.795,3.59,1.03
15m,early_hl_base_2r,early-higher-low,AMD,45.5427,4,3,2,1,66.67,33.33,0.6377,1.913,0.42
15m,early_hl_base_2r,early-higher-low,AVGO,6.1702,3,2,1,0,50.0,0.0,-0.2245,-0.449,-0.185
15m,early_hl_base_2r,early-higher-low,ARM,65.6061,2,2,1,1,50.0,50.0,0.3705,0.741,0.215
15m,early_hl_base_2r,early-higher-low,SMCI,63.3084,1,1,0,0,0.0,0.0,-0.639,-0.639,-0.23
15m,early_hl_base_2r,early-higher-low,TSM,4.2356,1,1,0,0,0.0,0.0,-0.206,-0.206,-0.12
15m,early_hl_base_2r,early-higher-low,ASML,12.3628,0,0,0,0,0.0,0.0,0.0,0.0,0.0
15m,early_hl_base_2r,early-higher-low,MRVL,25.0061,2,2,0,0,0.0,0.0,-0.7915,-1.583,-0.61
15m,early_hl_base_2r,early-higher-low,ON,19.4356,2,2,1,0,50.0,0.0,0.1905,0.381,0.045
15m,early_hl_base_2r,early-higher-low,LRCX,24.2811,4,4,1,0,25.0,0.0,-0.1617,-0.647,-0.1075
15m,early_hl_base_2r,early-higher-low,KLAC,11.6596,3,3,0,0,0.0,0.0,-0.554,-1.662,-0.46
15m,early_hl_base_2r,early-higher-low,QCOM,44.1389,3,3,1,0,33.33,0.0,-0.0763,-0.229,-0.06
15m,early_hl_base_2r,early-higher-low,ADI,3.9478,2,1,1,0,100.0,0.0,0.103,0.103,0.16
15m,early_hl_base_2r,early-higher-low,MCHP,2.0699,0,0,0,0,0.0,0.0,0.0,0.0,0.0
15m,early_hl_base_2r,early-higher-low,MPWR,-0.7799,5,4,3,1,75.0,25.0,0.3878,1.551,0.3825
15m,early_hl_base_2r,early-higher-low,LSCC,20.5738,2,2,1,1,50.0,50.0,-0.0775,-0.155,-0.045
15m,early_hl_base_2r,early-higher-low,ALAB,69.4345,2,2,2,0,100.0,0.0,0.586,1.172,0.21
15m,early_hl_base_2r,early-higher-low,CRDO,33.8584,2,2,1,0,50.0,0.0,-0.0565,-0.113,0.08
15m,early_hl_base_2r,early-higher-low,COHR,8.9125,4,4,0,0,0.0,0.0,-0.7215,-2.886,-0.6575
15m,early_hl_base_2r,early-higher-low,WOLF,88.3832,1,1,0,0,0.0,0.0,-2.017,-2.017,-0.43
15m,early_hl_base_2r,early-higher-low,AEHR,0.7644,0,0,0,0,0.0,0.0,0.0,0.0,0.0
15m,early_hl_base_2r,early-higher-low,PLTR,7.9261,2,2,2,1,100.0,50.0,0.863,1.726,0.745
15m,early_hl_base_2r,early-higher-low,APP,32.2903,1,1,0,0,0.0,0.0,-2.069,-2.069,-1.0
15m,early_hl_base_2r,early-higher-low,SOUN,4.1146,4,2,0,0,0.0,0.0,-0.8435,-1.687,-0.755
15m,early_hl_base_2r,early-higher-low,BBAI,25.2174,4,4,1,1,25.0,25.0,-0.4025,-1.61,-0.2925
15m,early_hl_base_2r,early-higher-low,AI,18.4268,4,4,1,0,25.0,0.0,-0.7062,-2.825,-0.4675
15m,early_hl_base_2r,early-higher-low,PATH,9.2947,3,3,1,0,33.33,0.0,-0.1557,-0.467,-0.1233
15m,early_hl_base_2r,early-higher-low,UPST,5.296,3,3,1,1,33.33,33.33,0.121,0.363,-0.2533
15m,early_hl_base_2r,early-higher-low,AFRM,13.3846,3,3,3,0,100.0,0.0,0.2287,0.686,0.15
15m,early_hl_base_2r,early-higher-low,HOOD,28.4867,4,4,1,0,25.0,0.0,-0.1013,-0.405,-0.115
15m,early_hl_base_2r,early-higher-low,COIN,-0.8186,2,2,1,0,50.0,0.0,-0.2705,-0.541,-0.17
15m,early_hl_wide_2r,early-higher-low,MU,83.4428,1,1,0,0,0.0,0.0,-1.947,-1.947,-1.0
15m,early_hl_wide_2r,early-higher-low,SNDK,52.5178,2,2,2,0,100.0,0.0,0.586,1.172,0.215
15m,early_hl_wide_2r,early-higher-low,GLW,10.7532,3,3,1,0,33.33,0.0,0.0223,0.067,0.0967
15m,early_hl_wide_2r,early-higher-low,OKLO,-4.747,2,2,2,2,100.0,100.0,1.4445,2.889,0.55
15m,early_hl_wide_2r,early-higher-low,RGTI,49.0517,1,0,0,0,0.0,0.0,0.0,0.0,0.0
15m,early_hl_wide_2r,early-higher-low,IONQ,61.7145,1,1,0,0,0.0,0.0,-0.127,-0.127,-0.05
15m,early_hl_wide_2r,early-higher-low,CSCO,29.8792,5,5,4,0,80.0,0.0,0.2962,1.481,0.23
15m,early_hl_wide_2r,early-higher-low,AMKR,0.2016,1,1,1,1,100.0,100.0,1.332,1.332,0.7
15m,early_hl_wide_2r,early-higher-low,ASTS,54.667,0,0,0,0,0.0,0.0,0.0,0.0,0.0
15m,early_hl_wide_2r,early-higher-low,RKLB,74.9512,3,3,3,2,100.0,66.67,1.8097,5.429,0.81
15m,early_hl_wide_2r,early-higher-low,AMD,45.5427,4,3,2,1,66.67,33.33,0.4473,1.342,0.2467
15m,early_hl_wide_2r,early-higher-low,AVGO,6.1702,3,2,2,0,100.0,0.0,0.2005,0.401,0.08
15m,early_hl_wide_2r,early-higher-low,ARM,65.6061,3,3,2,0,66.67,0.0,0.153,0.459,0.0767
15m,early_hl_wide_2r,early-higher-low,SMCI,63.3084,2,2,0,0,0.0,0.0,-0.281,-0.562,-0.095
15m,early_hl_wide_2r,early-higher-low,TSM,4.2356,2,2,1,0,50.0,0.0,0.209,0.418,0.07
15m,early_hl_wide_2r,early-higher-low,ASML,12.3628,4,4,3,0,75.0,0.0,0.1128,0.451,0.04
15m,early_hl_wide_2r,early-higher-low,MRVL,25.0061,3,3,1,1,33.33,33.33,-0.2187,-0.656,-0.21
15m,early_hl_wide_2r,early-higher-low,ON,19.4356,3,3,2,1,66.67,33.33,0.1483,0.445,0.1467
15m,early_hl_wide_2r,early-higher-low,LRCX,24.2811,5,5,2,0,40.0,0.0,-0.0346,-0.173,-0.022
15m,early_hl_wide_2r,early-higher-low,KLAC,11.6596,4,4,1,0,25.0,0.0,-0.2457,-0.983,-0.215
15m,early_hl_wide_2r,early-higher-low,QCOM,44.1389,2,2,1,0,50.0,0.0,0.019,0.038,-0.025
15m,early_hl_wide_2r,early-higher-low,ADI,3.9478,3,1,1,0,100.0,0.0,0.103,0.103,0.12
15m,early_hl_wide_2r,early-higher-low,MCHP,2.0699,0,0,0,0,0.0,0.0,0.0,0.0,0.0
15m,early_hl_wide_2r,early-higher-low,MPWR,-0.7799,5,4,3,2,75.0,50.0,0.662,2.648,0.545
15m,early_hl_wide_2r,early-higher-low,LSCC,20.5738,4,4,2,1,50.0,25.0,-0.021,-0.084,0.0075
15m,early_hl_wide_2r,early-higher-low,ALAB,69.4345,3,2,2,0,100.0,0.0,0.586,1.172,0.19
15m,early_hl_wide_2r,early-higher-low,CRDO,33.8584,2,2,1,0,50.0,0.0,-0.0565,-0.113,-0.005
15m,early_hl_wide_2r,early-higher-low,COHR,8.9125,6,6,1,0,16.67,0.0,-0.3793,-2.276,-0.375
15m,early_hl_wide_2r,early-higher-low,WOLF,88.3832,1,1,0,0,0.0,0.0,-4.907,-4.907,-1.0
15m,early_hl_wide_2r,early-higher-low,AEHR,0.7644,1,1,0,0,0.0,0.0,-2.158,-2.158,-0.46
15m,early_hl_wide_2r,early-higher-low,PLTR,7.9261,4,4,2,2,50.0,50.0,0.5965,2.386,0.265
15m,early_hl_wide_2r,early-higher-low,APP,32.2903,3,3,1,0,33.33,0.0,-0.3497,-1.049,-0.14
15m,early_hl_wide_2r,early-higher-low,SOUN,4.1146,5,4,2,2,50.0,50.0,0.188,0.752,-0.1325
15m,early_hl_wide_2r,early-higher-low,BBAI,25.2174,5,5,2,2,40.0,40.0,0.1858,0.929,-0.04
15m,early_hl_wide_2r,early-higher-low,AI,18.4268,6,6,4,0,66.67,0.0,-0.1408,-0.845,-0.1217
15m,early_hl_wide_2r,early-higher-low,PATH,9.2947,4,4,1,0,25.0,0.0,-1.0385,-4.154,-0.44
15m,early_hl_wide_2r,early-higher-low,UPST,5.296,5,5,3,2,60.0,40.0,0.3692,1.846,0.118
15m,early_hl_wide_2r,early-higher-low,AFRM,13.3846,5,5,4,0,80.0,0.0,0.1956,0.978,0.076
15m,early_hl_wide_2r,early-higher-low,HOOD,28.4867,5,5,1,0,20.0,0.0,-0.033,-0.165,-0.046
15m,early_hl_wide_2r,early-higher-low,COIN,-0.8186,5,4,1,0,25.0,0.0,-0.45,-1.8,-0.22
15m,early_hl_tight_2p5r,early-higher-low,MU,83.4428,0,0,0,0,0.0,0.0,0.0,0.0,0.0
15m,early_hl_tight_2p5r,early-higher-low,SNDK,52.5178,2,2,2,0,100.0,0.0,0.586,1.172,0.24
15m,early_hl_tight_2p5r,early-higher-low,GLW,10.7532,3,3,1,0,33.33,0.0,-0.4333,-1.3,-0.1133
15m,early_hl_tight_2p5r,early-higher-low,OKLO,-4.747,1,1,1,1,100.0,100.0,1.608,1.608,0.76
15m,early_hl_tight_2p5r,early-higher-low,RGTI,49.0517,1,0,0,0,0.0,0.0,0.0,0.0,0.0
15m,early_hl_tight_2p5r,early-higher-low,IONQ,61.7145,0,0,0,0,0.0,0.0,0.0,0.0,0.0
15m,early_hl_tight_2p5r,early-higher-low,CSCO,29.8792,5,5,4,0,80.0,0.0,0.2962,1.481,0.292
15m,early_hl_tight_2p5r,early-higher-low,AMKR,0.2016,1,1,1,0,100.0,0.0,0.509,0.509,0.42
15m,early_hl_tight_2p5r,early-higher-low,ASTS,54.667,0,0,0,0,0.0,0.0,0.0,0.0,0.0
15m,early_hl_tight_2p5r,early-higher-low,RKLB,74.9512,1,1,1,1,100.0,100.0,4.209,4.209,2.5
15m,early_hl_tight_2p5r,early-higher-low,AMD,45.5427,3,3,2,1,66.67,33.33,0.4473,1.342,0.3133
15m,early_hl_tight_2p5r,early-higher-low,AVGO,6.1702,0,0,0,0,0.0,0.0,0.0,0.0,0.0
15m,early_hl_tight_2p5r,early-higher-low,ARM,65.6061,2,2,1,0,50.0,0.0,0.1695,0.339,0.11
15m,early_hl_tight_2p5r,early-higher-low,SMCI,63.3084,1,1,1,0,100.0,0.0,0.135,0.135,0.13
15m,early_hl_tight_2p5r,early-higher-low,TSM,4.2356,1,1,0,0,0.0,0.0,-0.206,-0.206,-0.13
15m,early_hl_tight_2p5r,early-higher-low,ASML,12.3628,0,0,0,0,0.0,0.0,0.0,0.0,0.0
15m,early_hl_tight_2p5r,early-higher-low,MRVL,25.0061,2,2,0,0,0.0,0.0,-0.7915,-1.583,-0.61
15m,early_hl_tight_2p5r,early-higher-low,ON,19.4356,2,2,1,0,50.0,0.0,-0.334,-0.668,-0.045
15m,early_hl_tight_2p5r,early-higher-low,LRCX,24.2811,3,3,1,0,33.33,0.0,-0.0003,-0.001,0.0167
15m,early_hl_tight_2p5r,early-higher-low,KLAC,11.6596,2,2,0,0,0.0,0.0,-0.4505,-0.901,-0.19
15m,early_hl_tight_2p5r,early-higher-low,QCOM,44.1389,2,2,1,0,50.0,0.0,0.019,0.038,-0.03
15m,early_hl_tight_2p5r,early-higher-low,ADI,3.9478,2,1,1,0,100.0,0.0,0.176,0.176,0.31
15m,early_hl_tight_2p5r,early-higher-low,MCHP,2.0699,0,0,0,0,0.0,0.0,0.0,0.0,0.0
15m,early_hl_tight_2p5r,early-higher-low,MPWR,-0.7799,5,4,3,2,75.0,50.0,0.6338,2.535,0.5675
15m,early_hl_tight_2p5r,early-higher-low,LSCC,20.5738,2,2,1,1,50.0,50.0,0.079,0.158,0.035
15m,early_hl_tight_2p5r,early-higher-low,ALAB,69.4345,1,1,1,0,100.0,0.0,0.488,0.488,0.19
15m,early_hl_tight_2p5r,early-higher-low,CRDO,33.8584,2,2,1,0,50.0,0.0,-0.0565,-0.113,0.08
15m,early_hl_tight_2p5r,early-higher-low,COHR,8.9125,4,3,0,0,0.0,0.0,-0.78,-2.34,-0.7667
15m,early_hl_tight_2p5r,early-higher-low,WOLF,88.3832,1,1,0,0,0.0,0.0,-4.682,-4.682,-1.0
15m,early_hl_tight_2p5r,early-higher-low,AEHR,0.7644,0,0,0,0,0.0,0.0,0.0,0.0,0.0
15m,early_hl_tight_2p5r,early-higher-low,PLTR,7.9261,2,2,1,1,50.0,50.0,0.5185,1.037,0.43
15m,early_hl_tight_2p5r,early-higher-low,APP,32.2903,1,1,0,0,0.0,0.0,-2.069,-2.069,-1.0
15m,early_hl_tight_2p5r,early-higher-low,SOUN,4.1146,3,1,0,0,0.0,0.0,-0.776,-0.776,-1.0
15m,early_hl_tight_2p5r,early-higher-low,BBAI,25.2174,3,3,1,1,33.33,33.33,-0.184,-0.552,-0.16
15m,early_hl_tight_2p5r,early-higher-low,AI,18.4268,2,2,1,0,50.0,0.0,0.084,0.168,-0.145
15m,early_hl_tight_2p5r,early-higher-low,PATH,9.2947,3,3,1,0,33.33,0.0,-0.392,-1.176,-0.2767
15m,early_hl_tight_2p5r,early-higher-low,UPST,5.296,2,2,0,0,0.0,0.0,-0.606,-1.212,-0.705
15m,early_hl_tight_2p5r,early-higher-low,AFRM,13.3846,1,1,1,0,100.0,0.0,0.089,0.089,0.05
15m,early_hl_tight_2p5r,early-higher-low,HOOD,28.4867,3,2,0,0,0.0,0.0,-0.44,-0.88,-0.33
15m,early_hl_tight_2p5r,early-higher-low,COIN,-0.8186,1,1,0,0,0.0,0.0,-1.674,-1.674,-1.0
15m,early_hl_wide_3r,early-higher-low,MU,83.4428,0,0,0,0,0.0,0.0,0.0,0.0,0.0
15m,early_hl_wide_3r,early-higher-low,SNDK,52.5178,2,2,2,0,100.0,0.0,0.301,0.602,0.1
15m,early_hl_wide_3r,early-higher-low,GLW,10.7532,3,3,1,0,33.33,0.0,0.0223,0.067,0.0967
15m,early_hl_wide_3r,early-higher-low,OKLO,-4.747,2,2,2,2,100.0,100.0,1.4445,2.889,0.55
15m,early_hl_wide_3r,early-higher-low,RGTI,49.0517,1,0,0,0,0.0,0.0,0.0,0.0,0.0
15m,early_hl_wide_3r,early-higher-low,IONQ,61.7145,1,1,0,0,0.0,0.0,-0.127,-0.127,-0.05
15m,early_hl_wide_3r,early-higher-low,CSCO,29.8792,2,2,2,0,100.0,0.0,0.666,1.332,0.525
15m,early_hl_wide_3r,early-higher-low,AMKR,0.2016,1,1,1,1,100.0,100.0,1.297,1.297,0.68
15m,early_hl_wide_3r,early-higher-low,ASTS,54.667,0,0,0,0,0.0,0.0,0.0,0.0,0.0
15m,early_hl_wide_3r,early-higher-low,RKLB,74.9512,3,3,2,1,66.67,33.33,0.375,1.125,0.0667
15m,early_hl_wide_3r,early-higher-low,AMD,45.5427,4,3,2,1,66.67,33.33,0.207,0.621,0.1533
15m,early_hl_wide_3r,early-higher-low,AVGO,6.1702,1,1,1,0,100.0,0.0,0.31,0.31,0.13
15m,early_hl_wide_3r,early-higher-low,ARM,65.6061,3,3,2,1,66.67,33.33,0.2573,0.772,0.1233
15m,early_hl_wide_3r,early-higher-low,SMCI,63.3084,2,2,0,0,0.0,0.0,-0.281,-0.562,-0.095
15m,early_hl_wide_3r,early-higher-low,TSM,4.2356,1,1,0,0,0.0,0.0,-0.206,-0.206,-0.1
15m,early_hl_wide_3r,early-higher-low,ASML,12.3628,1,1,1,0,100.0,0.0,0.157,0.157,0.06
15m,early_hl_wide_3r,early-higher-low,MRVL,25.0061,2,2,1,1,50.0,50.0,0.4495,0.899,0.185
15m,early_hl_wide_3r,early-higher-low,ON,19.4356,1,1,1,0,100.0,0.0,0.277,0.277,0.16
15m,early_hl_wide_3r,early-higher-low,LRCX,24.2811,3,3,2,0,66.67,0.0,0.309,0.927,0.19
15m,early_hl_wide_3r,early-higher-low,KLAC,11.6596,3,3,1,0,33.33,0.0,-0.081,-0.243,-0.0433
15m,early_hl_wide_3r,early-higher-low,QCOM,44.1389,2,2,1,0,50.0,0.0,0.019,0.038,-0.025
15m,early_hl_wide_3r,early-higher-low,ADI,3.9478,1,0,0,0,0.0,0.0,0.0,0.0,0.0
15m,early_hl_wide_3r,early-higher-low,MCHP,2.0699,0,0,0,0,0.0,0.0,0.0,0.0,0.0
15m,early_hl_wide_3r,early-higher-low,MPWR,-0.7799,5,4,3,3,75.0,75.0,0.9617,3.847,0.765
15m,early_hl_wide_3r,early-higher-low,LSCC,20.5738,4,4,2,1,50.0,25.0,-0.021,-0.084,0.0075
15m,early_hl_wide_3r,early-higher-low,ALAB,69.4345,3,2,2,0,100.0,0.0,0.586,1.172,0.19
15m,early_hl_wide_3r,early-higher-low,CRDO,33.8584,2,2,1,0,50.0,0.0,-0.0565,-0.113,-0.005
15m,early_hl_wide_3r,early-higher-low,COHR,8.9125,6,5,0,0,0.0,0.0,-0.6382,-3.191,-0.338
15m,early_hl_wide_3r,early-higher-low,WOLF,88.3832,1,1,0,0,0.0,0.0,-4.907,-4.907,-1.0
15m,early_hl_wide_3r,early-higher-low,AEHR,0.7644,1,1,0,0,0.0,0.0,-2.158,-2.158,-0.46
15m,early_hl_wide_3r,early-higher-low,PLTR,7.9261,3,3,2,1,66.67,33.33,0.4743,1.423,0.3633
15m,early_hl_wide_3r,early-higher-low,APP,32.2903,2,2,1,0,50.0,0.0,-0.3515,-0.703,-0.145
15m,early_hl_wide_3r,early-higher-low,SOUN,4.1146,5,4,2,2,50.0,50.0,0.188,0.752,-0.1325
15m,early_hl_wide_3r,early-higher-low,BBAI,25.2174,5,5,2,2,40.0,40.0,0.1858,0.929,-0.04
15m,early_hl_wide_3r,early-higher-low,AI,18.4268,6,6,4,0,66.67,0.0,-0.1408,-0.845,-0.1217
15m,early_hl_wide_3r,early-higher-low,PATH,9.2947,4,4,1,0,25.0,0.0,-1.0385,-4.154,-0.44
15m,early_hl_wide_3r,early-higher-low,UPST,5.296,5,5,3,2,60.0,40.0,0.3692,1.846,0.118
15m,early_hl_wide_3r,early-higher-low,AFRM,13.3846,4,4,3,0,75.0,0.0,0.201,0.804,0.08
15m,early_hl_wide_3r,early-higher-low,HOOD,28.4867,5,4,1,0,25.0,0.0,-0.0083,-0.033,-0.04
15m,early_hl_wide_3r,early-higher-low,COIN,-0.8186,4,3,0,0,0.0,0.0,-0.807,-2.421,-0.3967
30m,breakout_base_2r,breakout,MU,79.4348,0,0,0,0,0.0,0.0,0.0,0.0,0.0
30m,breakout_base_2r,breakout,SNDK,48.4493,0,0,0,0,0.0,0.0,0.0,0.0,0.0
30m,breakout_base_2r,breakout,GLW,11.5337,0,0,0,0,0.0,0.0,0.0,0.0,0.0
30m,breakout_base_2r,breakout,OKLO,-4.2968,0,0,0,0,0.0,0.0,0.0,0.0,0.0
30m,breakout_base_2r,breakout,RGTI,50.6785,0,0,0,0,0.0,0.0,0.0,0.0,0.0
30m,breakout_base_2r,breakout,IONQ,62.1877,0,0,0,0,0.0,0.0,0.0,0.0,0.0
30m,breakout_base_2r,breakout,CSCO,30.343,0,0,0,0,0.0,0.0,0.0,0.0,0.0
30m,breakout_base_2r,breakout,AMKR,-0.1865,0,0,0,0,0.0,0.0,0.0,0.0,0.0
30m,breakout_base_2r,breakout,ASTS,56.019,0,0,0,0,0.0,0.0,0.0,0.0,0.0
30m,breakout_base_2r,breakout,RKLB,76.8487,0,0,0,0,0.0,0.0,0.0,0.0,0.0
30m,breakout_base_2r,breakout,AMD,44.9361,0,0,0,0,0.0,0.0,0.0,0.0,0.0
30m,breakout_base_2r,breakout,AVGO,6.2105,0,0,0,0,0.0,0.0,0.0,0.0,0.0
30m,breakout_base_2r,breakout,ARM,66.128,0,0,0,0,0.0,0.0,0.0,0.0,0.0
30m,breakout_base_2r,breakout,SMCI,65.7677,0,0,0,0,0.0,0.0,0.0,0.0,0.0
30m,breakout_base_2r,breakout,TSM,3.9973,0,0,0,0,0.0,0.0,0.0,0.0,0.0
30m,breakout_base_2r,breakout,ASML,12.1133,0,0,0,0,0.0,0.0,0.0,0.0,0.0
30m,breakout_base_2r,breakout,MRVL,24.1657,0,0,0,0,0.0,0.0,0.0,0.0,0.0
30m,breakout_base_2r,breakout,ON,18.3808,0,0,0,0,0.0,0.0,0.0,0.0,0.0
30m,breakout_base_2r,breakout,LRCX,23.1495,0,0,0,0,0.0,0.0,0.0,0.0,0.0
30m,breakout_base_2r,breakout,KLAC,11.7039,0,0,0,0,0.0,0.0,0.0,0.0,0.0
30m,breakout_base_2r,breakout,QCOM,44.9126,0,0,0,0,0.0,0.0,0.0,0.0,0.0
30m,breakout_base_2r,breakout,ADI,4.3081,0,0,0,0,0.0,0.0,0.0,0.0,0.0
30m,breakout_base_2r,breakout,MCHP,2.0149,0,0,0,0,0.0,0.0,0.0,0.0,0.0
30m,breakout_base_2r,breakout,MPWR,0.3041,0,0,0,0,0.0,0.0,0.0,0.0,0.0
30m,breakout_base_2r,breakout,LSCC,20.2239,0,0,0,0,0.0,0.0,0.0,0.0,0.0
30m,breakout_base_2r,breakout,ALAB,71.3443,0,0,0,0,0.0,0.0,0.0,0.0,0.0
30m,breakout_base_2r,breakout,CRDO,34.5521,0,0,0,0,0.0,0.0,0.0,0.0,0.0
30m,breakout_base_2r,breakout,COHR,9.1688,0,0,0,0,0.0,0.0,0.0,0.0,0.0
30m,breakout_base_2r,breakout,WOLF,86.9551,0,0,0,0,0.0,0.0,0.0,0.0,0.0
30m,breakout_base_2r,breakout,AEHR,1.7534,0,0,0,0,0.0,0.0,0.0,0.0,0.0
30m,breakout_base_2r,breakout,PLTR,9.0915,0,0,0,0,0.0,0.0,0.0,0.0,0.0
30m,breakout_base_2r,breakout,APP,34.0535,0,0,0,0,0.0,0.0,0.0,0.0,0.0
30m,breakout_base_2r,breakout,SOUN,6.5075,0,0,0,0,0.0,0.0,0.0,0.0,0.0
30m,breakout_base_2r,breakout,BBAI,27.9188,0,0,0,0,0.0,0.0,0.0,0.0,0.0
30m,breakout_base_2r,breakout,AI,19.8775,0,0,0,0,0.0,0.0,0.0,0.0,0.0
30m,breakout_base_2r,breakout,PATH,11.3225,0,0,0,0,0.0,0.0,0.0,0.0,0.0
30m,breakout_base_2r,breakout,UPST,4.4499,0,0,0,0,0.0,0.0,0.0,0.0,0.0
30m,breakout_base_2r,breakout,AFRM,12.9675,0,0,0,0,0.0,0.0,0.0,0.0,0.0
30m,breakout_base_2r,breakout,HOOD,27.2249,0,0,0,0,0.0,0.0,0.0,0.0,0.0
30m,breakout_base_2r,breakout,COIN,-2.0344,0,0,0,0,0.0,0.0,0.0,0.0,0.0
30m,breakout_wide_2r,breakout,MU,79.4348,0,0,0,0,0.0,0.0,0.0,0.0,0.0
30m,breakout_wide_2r,breakout,SNDK,48.4493,0,0,0,0,0.0,0.0,0.0,0.0,0.0
30m,breakout_wide_2r,breakout,GLW,11.5337,0,0,0,0,0.0,0.0,0.0,0.0,0.0
30m,breakout_wide_2r,breakout,OKLO,-4.2968,0,0,0,0,0.0,0.0,0.0,0.0,0.0
30m,breakout_wide_2r,breakout,RGTI,50.6785,0,0,0,0,0.0,0.0,0.0,0.0,0.0
30m,breakout_wide_2r,breakout,IONQ,62.1877,0,0,0,0,0.0,0.0,0.0,0.0,0.0
30m,breakout_wide_2r,breakout,CSCO,30.343,0,0,0,0,0.0,0.0,0.0,0.0,0.0
30m,breakout_wide_2r,breakout,AMKR,-0.1865,0,0,0,0,0.0,0.0,0.0,0.0,0.0
30m,breakout_wide_2r,breakout,ASTS,56.019,0,0,0,0,0.0,0.0,0.0,0.0,0.0
30m,breakout_wide_2r,breakout,RKLB,76.8487,0,0,0,0,0.0,0.0,0.0,0.0,0.0
30m,breakout_wide_2r,breakout,AMD,44.9361,0,0,0,0,0.0,0.0,0.0,0.0,0.0
30m,breakout_wide_2r,breakout,AVGO,6.2105,0,0,0,0,0.0,0.0,0.0,0.0,0.0
30m,breakout_wide_2r,breakout,ARM,66.128,0,0,0,0,0.0,0.0,0.0,0.0,0.0
30m,breakout_wide_2r,breakout,SMCI,65.7677,0,0,0,0,0.0,0.0,0.0,0.0,0.0
30m,breakout_wide_2r,breakout,TSM,3.9973,0,0,0,0,0.0,0.0,0.0,0.0,0.0
30m,breakout_wide_2r,breakout,ASML,12.1133,0,0,0,0,0.0,0.0,0.0,0.0,0.0
30m,breakout_wide_2r,breakout,MRVL,24.1657,0,0,0,0,0.0,0.0,0.0,0.0,0.0
30m,breakout_wide_2r,breakout,ON,18.3808,0,0,0,0,0.0,0.0,0.0,0.0,0.0
30m,breakout_wide_2r,breakout,LRCX,23.1495,0,0,0,0,0.0,0.0,0.0,0.0,0.0
30m,breakout_wide_2r,breakout,KLAC,11.7039,0,0,0,0,0.0,0.0,0.0,0.0,0.0
30m,breakout_wide_2r,breakout,QCOM,44.9126,0,0,0,0,0.0,0.0,0.0,0.0,0.0
30m,breakout_wide_2r,breakout,ADI,4.3081,0,0,0,0,0.0,0.0,0.0,0.0,0.0
30m,breakout_wide_2r,breakout,MCHP,2.0149,0,0,0,0,0.0,0.0,0.0,0.0,0.0
30m,breakout_wide_2r,breakout,MPWR,0.3041,0,0,0,0,0.0,0.0,0.0,0.0,0.0
30m,breakout_wide_2r,breakout,LSCC,20.2239,0,0,0,0,0.0,0.0,0.0,0.0,0.0
30m,breakout_wide_2r,breakout,ALAB,71.3443,0,0,0,0,0.0,0.0,0.0,0.0,0.0
30m,breakout_wide_2r,breakout,CRDO,34.5521,0,0,0,0,0.0,0.0,0.0,0.0,0.0
30m,breakout_wide_2r,breakout,COHR,9.1688,0,0,0,0,0.0,0.0,0.0,0.0,0.0
30m,breakout_wide_2r,breakout,WOLF,86.9551,0,0,0,0,0.0,0.0,0.0,0.0,0.0
30m,breakout_wide_2r,breakout,AEHR,1.7534,0,0,0,0,0.0,0.0,0.0,0.0,0.0
30m,breakout_wide_2r,breakout,PLTR,9.0915,0,0,0,0,0.0,0.0,0.0,0.0,0.0
30m,breakout_wide_2r,breakout,APP,34.0535,0,0,0,0,0.0,0.0,0.0,0.0,0.0
30m,breakout_wide_2r,breakout,SOUN,6.5075,0,0,0,0,0.0,0.0,0.0,0.0,0.0
30m,breakout_wide_2r,breakout,BBAI,27.9188,0,0,0,0,0.0,0.0,0.0,0.0,0.0
30m,breakout_wide_2r,breakout,AI,19.8775,0,0,0,0,0.0,0.0,0.0,0.0,0.0
30m,breakout_wide_2r,breakout,PATH,11.3225,0,0,0,0,0.0,0.0,0.0,0.0,0.0
30m,breakout_wide_2r,breakout,UPST,4.4499,0,0,0,0,0.0,0.0,0.0,0.0,0.0
30m,breakout_wide_2r,breakout,AFRM,12.9675,0,0,0,0,0.0,0.0,0.0,0.0,0.0
30m,breakout_wide_2r,breakout,HOOD,27.2249,0,0,0,0,0.0,0.0,0.0,0.0,0.0
30m,breakout_wide_2r,breakout,COIN,-2.0344,0,0,0,0,0.0,0.0,0.0,0.0,0.0
30m,breakout_tight_2p5r,breakout,MU,79.4348,0,0,0,0,0.0,0.0,0.0,0.0,0.0
30m,breakout_tight_2p5r,breakout,SNDK,48.4493,0,0,0,0,0.0,0.0,0.0,0.0,0.0
30m,breakout_tight_2p5r,breakout,GLW,11.5337,0,0,0,0,0.0,0.0,0.0,0.0,0.0
30m,breakout_tight_2p5r,breakout,OKLO,-4.2968,0,0,0,0,0.0,0.0,0.0,0.0,0.0
30m,breakout_tight_2p5r,breakout,RGTI,50.6785,0,0,0,0,0.0,0.0,0.0,0.0,0.0
30m,breakout_tight_2p5r,breakout,IONQ,62.1877,0,0,0,0,0.0,0.0,0.0,0.0,0.0
30m,breakout_tight_2p5r,breakout,CSCO,30.343,0,0,0,0,0.0,0.0,0.0,0.0,0.0
30m,breakout_tight_2p5r,breakout,AMKR,-0.1865,0,0,0,0,0.0,0.0,0.0,0.0,0.0
30m,breakout_tight_2p5r,breakout,ASTS,56.019,0,0,0,0,0.0,0.0,0.0,0.0,0.0
30m,breakout_tight_2p5r,breakout,RKLB,76.8487,0,0,0,0,0.0,0.0,0.0,0.0,0.0
30m,breakout_tight_2p5r,breakout,AMD,44.9361,0,0,0,0,0.0,0.0,0.0,0.0,0.0
30m,breakout_tight_2p5r,breakout,AVGO,6.2105,0,0,0,0,0.0,0.0,0.0,0.0,0.0
30m,breakout_tight_2p5r,breakout,ARM,66.128,0,0,0,0,0.0,0.0,0.0,0.0,0.0
30m,breakout_tight_2p5r,breakout,SMCI,65.7677,0,0,0,0,0.0,0.0,0.0,0.0,0.0
30m,breakout_tight_2p5r,breakout,TSM,3.9973,0,0,0,0,0.0,0.0,0.0,0.0,0.0
30m,breakout_tight_2p5r,breakout,ASML,12.1133,0,0,0,0,0.0,0.0,0.0,0.0,0.0
30m,breakout_tight_2p5r,breakout,MRVL,24.1657,0,0,0,0,0.0,0.0,0.0,0.0,0.0
30m,breakout_tight_2p5r,breakout,ON,18.3808,0,0,0,0,0.0,0.0,0.0,0.0,0.0
30m,breakout_tight_2p5r,breakout,LRCX,23.1495,0,0,0,0,0.0,0.0,0.0,0.0,0.0
30m,breakout_tight_2p5r,breakout,KLAC,11.7039,0,0,0,0,0.0,0.0,0.0,0.0,0.0
30m,breakout_tight_2p5r,breakout,QCOM,44.9126,0,0,0,0,0.0,0.0,0.0,0.0,0.0
30m,breakout_tight_2p5r,breakout,ADI,4.3081,0,0,0,0,0.0,0.0,0.0,0.0,0.0
30m,breakout_tight_2p5r,breakout,MCHP,2.0149,0,0,0,0,0.0,0.0,0.0,0.0,0.0
30m,breakout_tight_2p5r,breakout,MPWR,0.3041,0,0,0,0,0.0,0.0,0.0,0.0,0.0
30m,breakout_tight_2p5r,breakout,LSCC,20.2239,0,0,0,0,0.0,0.0,0.0,0.0,0.0
30m,breakout_tight_2p5r,breakout,ALAB,71.3443,0,0,0,0,0.0,0.0,0.0,0.0,0.0
30m,breakout_tight_2p5r,breakout,CRDO,34.5521,0,0,0,0,0.0,0.0,0.0,0.0,0.0
30m,breakout_tight_2p5r,breakout,COHR,9.1688,0,0,0,0,0.0,0.0,0.0,0.0,0.0
30m,breakout_tight_2p5r,breakout,WOLF,86.9551,0,0,0,0,0.0,0.0,0.0,0.0,0.0
30m,breakout_tight_2p5r,breakout,AEHR,1.7534,0,0,0,0,0.0,0.0,0.0,0.0,0.0
30m,breakout_tight_2p5r,breakout,PLTR,9.0915,0,0,0,0,0.0,0.0,0.0,0.0,0.0
30m,breakout_tight_2p5r,breakout,APP,34.0535,0,0,0,0,0.0,0.0,0.0,0.0,0.0
30m,breakout_tight_2p5r,breakout,SOUN,6.5075,0,0,0,0,0.0,0.0,0.0,0.0,0.0
30m,breakout_tight_2p5r,breakout,BBAI,27.9188,0,0,0,0,0.0,0.0,0.0,0.0,0.0
30m,breakout_tight_2p5r,breakout,AI,19.8775,0,0,0,0,0.0,0.0,0.0,0.0,0.0
30m,breakout_tight_2p5r,breakout,PATH,11.3225,0,0,0,0,0.0,0.0,0.0,0.0,0.0
30m,breakout_tight_2p5r,breakout,UPST,4.4499,0,0,0,0,0.0,0.0,0.0,0.0,0.0
30m,breakout_tight_2p5r,breakout,AFRM,12.9675,0,0,0,0,0.0,0.0,0.0,0.0,0.0
30m,breakout_tight_2p5r,breakout,HOOD,27.2249,0,0,0,0,0.0,0.0,0.0,0.0,0.0
30m,breakout_tight_2p5r,breakout,COIN,-2.0344,0,0,0,0,0.0,0.0,0.0,0.0,0.0
30m,breakout_wide_3r,breakout,MU,79.4348,0,0,0,0,0.0,0.0,0.0,0.0,0.0
30m,breakout_wide_3r,breakout,SNDK,48.4493,0,0,0,0,0.0,0.0,0.0,0.0,0.0
30m,breakout_wide_3r,breakout,GLW,11.5337,0,0,0,0,0.0,0.0,0.0,0.0,0.0
30m,breakout_wide_3r,breakout,OKLO,-4.2968,0,0,0,0,0.0,0.0,0.0,0.0,0.0
30m,breakout_wide_3r,breakout,RGTI,50.6785,0,0,0,0,0.0,0.0,0.0,0.0,0.0
30m,breakout_wide_3r,breakout,IONQ,62.1877,0,0,0,0,0.0,0.0,0.0,0.0,0.0
30m,breakout_wide_3r,breakout,CSCO,30.343,0,0,0,0,0.0,0.0,0.0,0.0,0.0
30m,breakout_wide_3r,breakout,AMKR,-0.1865,0,0,0,0,0.0,0.0,0.0,0.0,0.0
30m,breakout_wide_3r,breakout,ASTS,56.019,0,0,0,0,0.0,0.0,0.0,0.0,0.0
30m,breakout_wide_3r,breakout,RKLB,76.8487,0,0,0,0,0.0,0.0,0.0,0.0,0.0
30m,breakout_wide_3r,breakout,AMD,44.9361,0,0,0,0,0.0,0.0,0.0,0.0,0.0
30m,breakout_wide_3r,breakout,AVGO,6.2105,0,0,0,0,0.0,0.0,0.0,0.0,0.0
30m,breakout_wide_3r,breakout,ARM,66.128,0,0,0,0,0.0,0.0,0.0,0.0,0.0
30m,breakout_wide_3r,breakout,SMCI,65.7677,0,0,0,0,0.0,0.0,0.0,0.0,0.0
30m,breakout_wide_3r,breakout,TSM,3.9973,0,0,0,0,0.0,0.0,0.0,0.0,0.0
30m,breakout_wide_3r,breakout,ASML,12.1133,0,0,0,0,0.0,0.0,0.0,0.0,0.0
30m,breakout_wide_3r,breakout,MRVL,24.1657,0,0,0,0,0.0,0.0,0.0,0.0,0.0
30m,breakout_wide_3r,breakout,ON,18.3808,0,0,0,0,0.0,0.0,0.0,0.0,0.0
30m,breakout_wide_3r,breakout,LRCX,23.1495,0,0,0,0,0.0,0.0,0.0,0.0,0.0
30m,breakout_wide_3r,breakout,KLAC,11.7039,0,0,0,0,0.0,0.0,0.0,0.0,0.0
30m,breakout_wide_3r,breakout,QCOM,44.9126,0,0,0,0,0.0,0.0,0.0,0.0,0.0
30m,breakout_wide_3r,breakout,ADI,4.3081,0,0,0,0,0.0,0.0,0.0,0.0,0.0
30m,breakout_wide_3r,breakout,MCHP,2.0149,0,0,0,0,0.0,0.0,0.0,0.0,0.0
30m,breakout_wide_3r,breakout,MPWR,0.3041,0,0,0,0,0.0,0.0,0.0,0.0,0.0
30m,breakout_wide_3r,breakout,LSCC,20.2239,0,0,0,0,0.0,0.0,0.0,0.0,0.0
30m,breakout_wide_3r,breakout,ALAB,71.3443,0,0,0,0,0.0,0.0,0.0,0.0,0.0
30m,breakout_wide_3r,breakout,CRDO,34.5521,0,0,0,0,0.0,0.0,0.0,0.0,0.0
30m,breakout_wide_3r,breakout,COHR,9.1688,0,0,0,0,0.0,0.0,0.0,0.0,0.0
30m,breakout_wide_3r,breakout,WOLF,86.9551,0,0,0,0,0.0,0.0,0.0,0.0,0.0
30m,breakout_wide_3r,breakout,AEHR,1.7534,0,0,0,0,0.0,0.0,0.0,0.0,0.0
30m,breakout_wide_3r,breakout,PLTR,9.0915,0,0,0,0,0.0,0.0,0.0,0.0,0.0
30m,breakout_wide_3r,breakout,APP,34.0535,0,0,0,0,0.0,0.0,0.0,0.0,0.0
30m,breakout_wide_3r,breakout,SOUN,6.5075,0,0,0,0,0.0,0.0,0.0,0.0,0.0
30m,breakout_wide_3r,breakout,BBAI,27.9188,0,0,0,0,0.0,0.0,0.0,0.0,0.0
30m,breakout_wide_3r,breakout,AI,19.8775,0,0,0,0,0.0,0.0,0.0,0.0,0.0
30m,breakout_wide_3r,breakout,PATH,11.3225,0,0,0,0,0.0,0.0,0.0,0.0,0.0
30m,breakout_wide_3r,breakout,UPST,4.4499,0,0,0,0,0.0,0.0,0.0,0.0,0.0
30m,breakout_wide_3r,breakout,AFRM,12.9675,0,0,0,0,0.0,0.0,0.0,0.0,0.0
30m,breakout_wide_3r,breakout,HOOD,27.2249,0,0,0,0,0.0,0.0,0.0,0.0,0.0
30m,breakout_wide_3r,breakout,COIN,-2.0344,0,0,0,0,0.0,0.0,0.0,0.0,0.0
30m,early_hl_base_2r,early-higher-low,MU,79.4348,0,0,0,0,0.0,0.0,0.0,0.0,0.0
30m,early_hl_base_2r,early-higher-low,SNDK,48.4493,0,0,0,0,0.0,0.0,0.0,0.0,0.0
30m,early_hl_base_2r,early-higher-low,GLW,11.5337,0,0,0,0,0.0,0.0,0.0,0.0,0.0
30m,early_hl_base_2r,early-higher-low,OKLO,-4.2968,0,0,0,0,0.0,0.0,0.0,0.0,0.0
30m,early_hl_base_2r,early-higher-low,RGTI,50.6785,0,0,0,0,0.0,0.0,0.0,0.0,0.0
30m,early_hl_base_2r,early-higher-low,IONQ,62.1877,0,0,0,0,0.0,0.0,0.0,0.0,0.0
30m,early_hl_base_2r,early-higher-low,CSCO,30.343,0,0,0,0,0.0,0.0,0.0,0.0,0.0
30m,early_hl_base_2r,early-higher-low,AMKR,-0.1865,0,0,0,0,0.0,0.0,0.0,0.0,0.0
30m,early_hl_base_2r,early-higher-low,ASTS,56.019,0,0,0,0,0.0,0.0,0.0,0.0,0.0
30m,early_hl_base_2r,early-higher-low,RKLB,76.8487,0,0,0,0,0.0,0.0,0.0,0.0,0.0
30m,early_hl_base_2r,early-higher-low,AMD,44.9361,0,0,0,0,0.0,0.0,0.0,0.0,0.0
30m,early_hl_base_2r,early-higher-low,AVGO,6.2105,0,0,0,0,0.0,0.0,0.0,0.0,0.0
30m,early_hl_base_2r,early-higher-low,ARM,66.128,0,0,0,0,0.0,0.0,0.0,0.0,0.0
30m,early_hl_base_2r,early-higher-low,SMCI,65.7677,0,0,0,0,0.0,0.0,0.0,0.0,0.0
30m,early_hl_base_2r,early-higher-low,TSM,3.9973,0,0,0,0,0.0,0.0,0.0,0.0,0.0
30m,early_hl_base_2r,early-higher-low,ASML,12.1133,0,0,0,0,0.0,0.0,0.0,0.0,0.0
30m,early_hl_base_2r,early-higher-low,MRVL,24.1657,0,0,0,0,0.0,0.0,0.0,0.0,0.0
30m,early_hl_base_2r,early-higher-low,ON,18.3808,0,0,0,0,0.0,0.0,0.0,0.0,0.0
30m,early_hl_base_2r,early-higher-low,LRCX,23.1495,0,0,0,0,0.0,0.0,0.0,0.0,0.0
30m,early_hl_base_2r,early-higher-low,KLAC,11.7039,0,0,0,0,0.0,0.0,0.0,0.0,0.0
30m,early_hl_base_2r,early-higher-low,QCOM,44.9126,0,0,0,0,0.0,0.0,0.0,0.0,0.0
30m,early_hl_base_2r,early-higher-low,ADI,4.3081,0,0,0,0,0.0,0.0,0.0,0.0,0.0
30m,early_hl_base_2r,early-higher-low,MCHP,2.0149,0,0,0,0,0.0,0.0,0.0,0.0,0.0
30m,early_hl_base_2r,early-higher-low,MPWR,0.3041,0,0,0,0,0.0,0.0,0.0,0.0,0.0
30m,early_hl_base_2r,early-higher-low,LSCC,20.2239,0,0,0,0,0.0,0.0,0.0,0.0,0.0
30m,early_hl_base_2r,early-higher-low,ALAB,71.3443,0,0,0,0,0.0,0.0,0.0,0.0,0.0
30m,early_hl_base_2r,early-higher-low,CRDO,34.5521,0,0,0,0,0.0,0.0,0.0,0.0,0.0
30m,early_hl_base_2r,early-higher-low,COHR,9.1688,0,0,0,0,0.0,0.0,0.0,0.0,0.0
30m,early_hl_base_2r,early-higher-low,WOLF,86.9551,0,0,0,0,0.0,0.0,0.0,0.0,0.0
30m,early_hl_base_2r,early-higher-low,AEHR,1.7534,0,0,0,0,0.0,0.0,0.0,0.0,0.0
30m,early_hl_base_2r,early-higher-low,PLTR,9.0915,0,0,0,0,0.0,0.0,0.0,0.0,0.0
30m,early_hl_base_2r,early-higher-low,APP,34.0535,0,0,0,0,0.0,0.0,0.0,0.0,0.0
30m,early_hl_base_2r,early-higher-low,SOUN,6.5075,0,0,0,0,0.0,0.0,0.0,0.0,0.0
30m,early_hl_base_2r,early-higher-low,BBAI,27.9188,0,0,0,0,0.0,0.0,0.0,0.0,0.0
30m,early_hl_base_2r,early-higher-low,AI,19.8775,0,0,0,0,0.0,0.0,0.0,0.0,0.0
30m,early_hl_base_2r,early-higher-low,PATH,11.3225,0,0,0,0,0.0,0.0,0.0,0.0,0.0
30m,early_hl_base_2r,early-higher-low,UPST,4.4499,0,0,0,0,0.0,0.0,0.0,0.0,0.0
30m,early_hl_base_2r,early-higher-low,AFRM,12.9675,0,0,0,0,0.0,0.0,0.0,0.0,0.0
30m,early_hl_base_2r,early-higher-low,HOOD,27.2249,0,0,0,0,0.0,0.0,0.0,0.0,0.0
30m,early_hl_base_2r,early-higher-low,COIN,-2.0344,0,0,0,0,0.0,0.0,0.0,0.0,0.0
30m,early_hl_wide_2r,early-higher-low,MU,79.4348,0,0,0,0,0.0,0.0,0.0,0.0,0.0
30m,early_hl_wide_2r,early-higher-low,SNDK,48.4493,0,0,0,0,0.0,0.0,0.0,0.0,0.0
30m,early_hl_wide_2r,early-higher-low,GLW,11.5337,0,0,0,0,0.0,0.0,0.0,0.0,0.0
30m,early_hl_wide_2r,early-higher-low,OKLO,-4.2968,0,0,0,0,0.0,0.0,0.0,0.0,0.0
30m,early_hl_wide_2r,early-higher-low,RGTI,50.6785,0,0,0,0,0.0,0.0,0.0,0.0,0.0
30m,early_hl_wide_2r,early-higher-low,IONQ,62.1877,0,0,0,0,0.0,0.0,0.0,0.0,0.0
30m,early_hl_wide_2r,early-higher-low,CSCO,30.343,0,0,0,0,0.0,0.0,0.0,0.0,0.0
30m,early_hl_wide_2r,early-higher-low,AMKR,-0.1865,0,0,0,0,0.0,0.0,0.0,0.0,0.0
30m,early_hl_wide_2r,early-higher-low,ASTS,56.019,0,0,0,0,0.0,0.0,0.0,0.0,0.0
30m,early_hl_wide_2r,early-higher-low,RKLB,76.8487,0,0,0,0,0.0,0.0,0.0,0.0,0.0
30m,early_hl_wide_2r,early-higher-low,AMD,44.9361,0,0,0,0,0.0,0.0,0.0,0.0,0.0
30m,early_hl_wide_2r,early-higher-low,AVGO,6.2105,0,0,0,0,0.0,0.0,0.0,0.0,0.0
30m,early_hl_wide_2r,early-higher-low,ARM,66.128,0,0,0,0,0.0,0.0,0.0,0.0,0.0
30m,early_hl_wide_2r,early-higher-low,SMCI,65.7677,0,0,0,0,0.0,0.0,0.0,0.0,0.0
30m,early_hl_wide_2r,early-higher-low,TSM,3.9973,0,0,0,0,0.0,0.0,0.0,0.0,0.0
30m,early_hl_wide_2r,early-higher-low,ASML,12.1133,0,0,0,0,0.0,0.0,0.0,0.0,0.0
30m,early_hl_wide_2r,early-higher-low,MRVL,24.1657,0,0,0,0,0.0,0.0,0.0,0.0,0.0
30m,early_hl_wide_2r,early-higher-low,ON,18.3808,0,0,0,0,0.0,0.0,0.0,0.0,0.0
30m,early_hl_wide_2r,early-higher-low,LRCX,23.1495,0,0,0,0,0.0,0.0,0.0,0.0,0.0
30m,early_hl_wide_2r,early-higher-low,KLAC,11.7039,0,0,0,0,0.0,0.0,0.0,0.0,0.0
30m,early_hl_wide_2r,early-higher-low,QCOM,44.9126,0,0,0,0,0.0,0.0,0.0,0.0,0.0
30m,early_hl_wide_2r,early-higher-low,ADI,4.3081,0,0,0,0,0.0,0.0,0.0,0.0,0.0
30m,early_hl_wide_2r,early-higher-low,MCHP,2.0149,0,0,0,0,0.0,0.0,0.0,0.0,0.0
30m,early_hl_wide_2r,early-higher-low,MPWR,0.3041,0,0,0,0,0.0,0.0,0.0,0.0,0.0
30m,early_hl_wide_2r,early-higher-low,LSCC,20.2239,0,0,0,0,0.0,0.0,0.0,0.0,0.0
30m,early_hl_wide_2r,early-higher-low,ALAB,71.3443,0,0,0,0,0.0,0.0,0.0,0.0,0.0
30m,early_hl_wide_2r,early-higher-low,CRDO,34.5521,0,0,0,0,0.0,0.0,0.0,0.0,0.0
30m,early_hl_wide_2r,early-higher-low,COHR,9.1688,0,0,0,0,0.0,0.0,0.0,0.0,0.0
30m,early_hl_wide_2r,early-higher-low,WOLF,86.9551,0,0,0,0,0.0,0.0,0.0,0.0,0.0
30m,early_hl_wide_2r,early-higher-low,AEHR,1.7534,0,0,0,0,0.0,0.0,0.0,0.0,0.0
30m,early_hl_wide_2r,early-higher-low,PLTR,9.0915,0,0,0,0,0.0,0.0,0.0,0.0,0.0
30m,early_hl_wide_2r,early-higher-low,APP,34.0535,0,0,0,0,0.0,0.0,0.0,0.0,0.0
30m,early_hl_wide_2r,early-higher-low,SOUN,6.5075,0,0,0,0,0.0,0.0,0.0,0.0,0.0
30m,early_hl_wide_2r,early-higher-low,BBAI,27.9188,0,0,0,0,0.0,0.0,0.0,0.0,0.0
30m,early_hl_wide_2r,early-higher-low,AI,19.8775,0,0,0,0,0.0,0.0,0.0,0.0,0.0
30m,early_hl_wide_2r,early-higher-low,PATH,11.3225,0,0,0,0,0.0,0.0,0.0,0.0,0.0
30m,early_hl_wide_2r,early-higher-low,UPST,4.4499,0,0,0,0,0.0,0.0,0.0,0.0,0.0
30m,early_hl_wide_2r,early-higher-low,AFRM,12.9675,0,0,0,0,0.0,0.0,0.0,0.0,0.0
30m,early_hl_wide_2r,early-higher-low,HOOD,27.2249,0,0,0,0,0.0,0.0,0.0,0.0,0.0
30m,early_hl_wide_2r,early-higher-low,COIN,-2.0344,0,0,0,0,0.0,0.0,0.0,0.0,0.0
30m,early_hl_tight_2p5r,early-higher-low,MU,79.4348,0,0,0,0,0.0,0.0,0.0,0.0,0.0
30m,early_hl_tight_2p5r,early-higher-low,SNDK,48.4493,0,0,0,0,0.0,0.0,0.0,0.0,0.0
30m,early_hl_tight_2p5r,early-higher-low,GLW,11.5337,0,0,0,0,0.0,0.0,0.0,0.0,0.0
30m,early_hl_tight_2p5r,early-higher-low,OKLO,-4.2968,0,0,0,0,0.0,0.0,0.0,0.0,0.0
30m,early_hl_tight_2p5r,early-higher-low,RGTI,50.6785,0,0,0,0,0.0,0.0,0.0,0.0,0.0
30m,early_hl_tight_2p5r,early-higher-low,IONQ,62.1877,0,0,0,0,0.0,0.0,0.0,0.0,0.0
30m,early_hl_tight_2p5r,early-higher-low,CSCO,30.343,0,0,0,0,0.0,0.0,0.0,0.0,0.0
30m,early_hl_tight_2p5r,early-higher-low,AMKR,-0.1865,0,0,0,0,0.0,0.0,0.0,0.0,0.0
30m,early_hl_tight_2p5r,early-higher-low,ASTS,56.019,0,0,0,0,0.0,0.0,0.0,0.0,0.0
30m,early_hl_tight_2p5r,early-higher-low,RKLB,76.8487,0,0,0,0,0.0,0.0,0.0,0.0,0.0
30m,early_hl_tight_2p5r,early-higher-low,AMD,44.9361,0,0,0,0,0.0,0.0,0.0,0.0,0.0
30m,early_hl_tight_2p5r,early-higher-low,AVGO,6.2105,0,0,0,0,0.0,0.0,0.0,0.0,0.0
30m,early_hl_tight_2p5r,early-higher-low,ARM,66.128,0,0,0,0,0.0,0.0,0.0,0.0,0.0
30m,early_hl_tight_2p5r,early-higher-low,SMCI,65.7677,0,0,0,0,0.0,0.0,0.0,0.0,0.0
30m,early_hl_tight_2p5r,early-higher-low,TSM,3.9973,0,0,0,0,0.0,0.0,0.0,0.0,0.0
30m,early_hl_tight_2p5r,early-higher-low,ASML,12.1133,0,0,0,0,0.0,0.0,0.0,0.0,0.0
30m,early_hl_tight_2p5r,early-higher-low,MRVL,24.1657,0,0,0,0,0.0,0.0,0.0,0.0,0.0
30m,early_hl_tight_2p5r,early-higher-low,ON,18.3808,0,0,0,0,0.0,0.0,0.0,0.0,0.0
30m,early_hl_tight_2p5r,early-higher-low,LRCX,23.1495,0,0,0,0,0.0,0.0,0.0,0.0,0.0
30m,early_hl_tight_2p5r,early-higher-low,KLAC,11.7039,0,0,0,0,0.0,0.0,0.0,0.0,0.0
30m,early_hl_tight_2p5r,early-higher-low,QCOM,44.9126,0,0,0,0,0.0,0.0,0.0,0.0,0.0
30m,early_hl_tight_2p5r,early-higher-low,ADI,4.3081,0,0,0,0,0.0,0.0,0.0,0.0,0.0
30m,early_hl_tight_2p5r,early-higher-low,MCHP,2.0149,0,0,0,0,0.0,0.0,0.0,0.0,0.0
30m,early_hl_tight_2p5r,early-higher-low,MPWR,0.3041,0,0,0,0,0.0,0.0,0.0,0.0,0.0
30m,early_hl_tight_2p5r,early-higher-low,LSCC,20.2239,0,0,0,0,0.0,0.0,0.0,0.0,0.0
30m,early_hl_tight_2p5r,early-higher-low,ALAB,71.3443,0,0,0,0,0.0,0.0,0.0,0.0,0.0
30m,early_hl_tight_2p5r,early-higher-low,CRDO,34.5521,0,0,0,0,0.0,0.0,0.0,0.0,0.0
30m,early_hl_tight_2p5r,early-higher-low,COHR,9.1688,0,0,0,0,0.0,0.0,0.0,0.0,0.0
30m,early_hl_tight_2p5r,early-higher-low,WOLF,86.9551,0,0,0,0,0.0,0.0,0.0,0.0,0.0
30m,early_hl_tight_2p5r,early-higher-low,AEHR,1.7534,0,0,0,0,0.0,0.0,0.0,0.0,0.0
30m,early_hl_tight_2p5r,early-higher-low,PLTR,9.0915,0,0,0,0,0.0,0.0,0.0,0.0,0.0
30m,early_hl_tight_2p5r,early-higher-low,APP,34.0535,0,0,0,0,0.0,0.0,0.0,0.0,0.0
30m,early_hl_tight_2p5r,early-higher-low,SOUN,6.5075,0,0,0,0,0.0,0.0,0.0,0.0,0.0
30m,early_hl_tight_2p5r,early-higher-low,BBAI,27.9188,0,0,0,0,0.0,0.0,0.0,0.0,0.0
30m,early_hl_tight_2p5r,early-higher-low,AI,19.8775,0,0,0,0,0.0,0.0,0.0,0.0,0.0
30m,early_hl_tight_2p5r,early-higher-low,PATH,11.3225,0,0,0,0,0.0,0.0,0.0,0.0,0.0
30m,early_hl_tight_2p5r,early-higher-low,UPST,4.4499,0,0,0,0,0.0,0.0,0.0,0.0,0.0
30m,early_hl_tight_2p5r,early-higher-low,AFRM,12.9675,0,0,0,0,0.0,0.0,0.0,0.0,0.0
30m,early_hl_tight_2p5r,early-higher-low,HOOD,27.2249,0,0,0,0,0.0,0.0,0.0,0.0,0.0
30m,early_hl_tight_2p5r,early-higher-low,COIN,-2.0344,0,0,0,0,0.0,0.0,0.0,0.0,0.0
30m,early_hl_wide_3r,early-higher-low,MU,79.4348,0,0,0,0,0.0,0.0,0.0,0.0,0.0
30m,early_hl_wide_3r,early-higher-low,SNDK,48.4493,0,0,0,0,0.0,0.0,0.0,0.0,0.0
30m,early_hl_wide_3r,early-higher-low,GLW,11.5337,0,0,0,0,0.0,0.0,0.0,0.0,0.0
30m,early_hl_wide_3r,early-higher-low,OKLO,-4.2968,0,0,0,0,0.0,0.0,0.0,0.0,0.0
30m,early_hl_wide_3r,early-higher-low,RGTI,50.6785,0,0,0,0,0.0,0.0,0.0,0.0,0.0
30m,early_hl_wide_3r,early-higher-low,IONQ,62.1877,0,0,0,0,0.0,0.0,0.0,0.0,0.0
30m,early_hl_wide_3r,early-higher-low,CSCO,30.343,0,0,0,0,0.0,0.0,0.0,0.0,0.0
30m,early_hl_wide_3r,early-higher-low,AMKR,-0.1865,0,0,0,0,0.0,0.0,0.0,0.0,0.0
30m,early_hl_wide_3r,early-higher-low,ASTS,56.019,0,0,0,0,0.0,0.0,0.0,0.0,0.0
30m,early_hl_wide_3r,early-higher-low,RKLB,76.8487,0,0,0,0,0.0,0.0,0.0,0.0,0.0
30m,early_hl_wide_3r,early-higher-low,AMD,44.9361,0,0,0,0,0.0,0.0,0.0,0.0,0.0
30m,early_hl_wide_3r,early-higher-low,AVGO,6.2105,0,0,0,0,0.0,0.0,0.0,0.0,0.0
30m,early_hl_wide_3r,early-higher-low,ARM,66.128,0,0,0,0,0.0,0.0,0.0,0.0,0.0
30m,early_hl_wide_3r,early-higher-low,SMCI,65.7677,0,0,0,0,0.0,0.0,0.0,0.0,0.0
30m,early_hl_wide_3r,early-higher-low,TSM,3.9973,0,0,0,0,0.0,0.0,0.0,0.0,0.0
30m,early_hl_wide_3r,early-higher-low,ASML,12.1133,0,0,0,0,0.0,0.0,0.0,0.0,0.0
30m,early_hl_wide_3r,early-higher-low,MRVL,24.1657,0,0,0,0,0.0,0.0,0.0,0.0,0.0
30m,early_hl_wide_3r,early-higher-low,ON,18.3808,0,0,0,0,0.0,0.0,0.0,0.0,0.0
30m,early_hl_wide_3r,early-higher-low,LRCX,23.1495,0,0,0,0,0.0,0.0,0.0,0.0,0.0
30m,early_hl_wide_3r,early-higher-low,KLAC,11.7039,0,0,0,0,0.0,0.0,0.0,0.0,0.0
30m,early_hl_wide_3r,early-higher-low,QCOM,44.9126,0,0,0,0,0.0,0.0,0.0,0.0,0.0
30m,early_hl_wide_3r,early-higher-low,ADI,4.3081,0,0,0,0,0.0,0.0,0.0,0.0,0.0
30m,early_hl_wide_3r,early-higher-low,MCHP,2.0149,0,0,0,0,0.0,0.0,0.0,0.0,0.0
30m,early_hl_wide_3r,early-higher-low,MPWR,0.3041,0,0,0,0,0.0,0.0,0.0,0.0,0.0
30m,early_hl_wide_3r,early-higher-low,LSCC,20.2239,0,0,0,0,0.0,0.0,0.0,0.0,0.0
30m,early_hl_wide_3r,early-higher-low,ALAB,71.3443,0,0,0,0,0.0,0.0,0.0,0.0,0.0
30m,early_hl_wide_3r,early-higher-low,CRDO,34.5521,0,0,0,0,0.0,0.0,0.0,0.0,0.0
30m,early_hl_wide_3r,early-higher-low,COHR,9.1688,0,0,0,0,0.0,0.0,0.0,0.0,0.0
30m,early_hl_wide_3r,early-higher-low,WOLF,86.9551,0,0,0,0,0.0,0.0,0.0,0.0,0.0
30m,early_hl_wide_3r,early-higher-low,AEHR,1.7534,0,0,0,0,0.0,0.0,0.0,0.0,0.0
30m,early_hl_wide_3r,early-higher-low,PLTR,9.0915,0,0,0,0,0.0,0.0,0.0,0.0,0.0
30m,early_hl_wide_3r,early-higher-low,APP,34.0535,0,0,0,0,0.0,0.0,0.0,0.0,0.0
30m,early_hl_wide_3r,early-higher-low,SOUN,6.5075,0,0,0,0,0.0,0.0,0.0,0.0,0.0
30m,early_hl_wide_3r,early-higher-low,BBAI,27.9188,0,0,0,0,0.0,0.0,0.0,0.0,0.0
30m,early_hl_wide_3r,early-higher-low,AI,19.8775,0,0,0,0,0.0,0.0,0.0,0.0,0.0
30m,early_hl_wide_3r,early-higher-low,PATH,11.3225,0,0,0,0,0.0,0.0,0.0,0.0,0.0
30m,early_hl_wide_3r,early-higher-low,UPST,4.4499,0,0,0,0,0.0,0.0,0.0,0.0,0.0
30m,early_hl_wide_3r,early-higher-low,AFRM,12.9675,0,0,0,0,0.0,0.0,0.0,0.0,0.0
30m,early_hl_wide_3r,early-higher-low,HOOD,27.2249,0,0,0,0,0.0,0.0,0.0,0.0,0.0
30m,early_hl_wide_3r,early-higher-low,COIN,-2.0344,0,0,0,0,0.0,0.0,0.0,0.0,0.0
