pattern_id,company,entry_mode,symbol,entry_date,entry_price,stop_price,target_price,exit_date,exit_price,exit_reason,bars_held,pnl_per_share,return_pct,r_multiple,win
W001,Apple,breakout,AAPL,2026-05-01 11:20,284.01,280.05,291.93,2026-05-01 14:40,280.7695,time_exit,40,-3.2405,-0.01141,-0.82,False
W002,Apple,breakout,AAPL,2026-05-04 13:25,277.27,274.07,283.67,2026-05-04 15:55,276.84,session_close,30,-0.43,-0.00155,-0.13,False
W003,Apple,breakout,AAPL,2026-05-05 13:20,283.96,278.45,294.98,2026-05-05 15:55,284.17,session_close,31,0.21,0.00074,0.04,True
W005,Apple,breakout,AAPL,2026-05-06 12:30,286.255,282.46,293.845,2026-05-06 15:50,287.81,time_exit,40,1.555,0.00543,0.41,True
W007,Apple,breakout,AAPL,2026-05-11 11:20,293.325,290.29,299.395,2026-05-11 14:40,291.72,time_exit,40,-1.605,-0.00547,-0.53,False
W008,Apple,breakout,AAPL,2026-05-11 15:30,292.1459,289.41,297.6177,2026-05-11 15:55,292.74,session_close,5,0.5941,0.00203,0.22,True
W009,Apple,breakout,AAPL,2026-05-12 12:05,294.665,291.78,300.435,2026-05-12 15:25,294.8007,time_exit,40,0.1357,0.00046,0.05,True
W010,Apple,breakout,AAPL,2026-05-13 10:45,296.355,293.64,301.785,2026-05-13 14:05,299.9497,time_exit,40,3.5947,0.01213,1.32,True
W012,Apple,breakout,AAPL,2026-05-14 11:15,299.03,295.59,305.91,2026-05-14 12:50,295.59,stop,19,-3.44,-0.0115,-1.0,False
W013,Apple,breakout,AAPL,2026-05-14 14:55,298.7,295.87,304.36,2026-05-14 15:55,298.165,session_close,12,-0.535,-0.00179,-0.19,False
W014,Apple,breakout,AAPL,2026-05-15 10:15,299.0751,295.18,306.8653,2026-05-15 13:35,302.625,time_exit,40,3.5499,0.01187,0.91,True
W016,Apple,breakout,AAPL,2026-05-18 15:05,297.05,293.85,303.45,2026-05-18 15:55,297.9,session_close,10,0.85,0.00286,0.27,True
W017,Apple,breakout,AAPL,2026-05-19 12:50,298.4,294.88,305.44,2026-05-19 15:55,298.98,session_close,37,0.58,0.00194,0.16,True
W018,Apple,breakout,AAPL,2026-05-20 10:55,300.43,297.59,306.11,2026-05-20 14:15,301.37,time_exit,40,0.94,0.00313,0.33,True
W021,Apple,breakout,AAPL,2026-05-21 11:15,302.8951,300.07,308.5453,2026-05-21 14:35,304.4,time_exit,40,1.5049,0.00497,0.53,True
W023,Apple,breakout,AAPL,2026-05-22 10:45,309.77,305.53,318.25,2026-05-22 14:05,309.335,time_exit,40,-0.435,-0.0014,-0.1,False
W024,Apple,breakout,AAPL,2026-05-28 14:35,311.27,308.02,317.77,2026-05-28 15:55,312.5,session_close,16,1.23,0.00395,0.38,True
W001,Microsoft,breakout,MSFT,2026-05-01 11:15,414.6121,408.48,426.8763,2026-05-01 14:35,415.13,time_exit,40,0.5179,0.00125,0.08,True
W003,Microsoft,breakout,MSFT,2026-05-01 15:40,416.82,411.84,426.78,2026-05-01 15:55,414.51,session_close,3,-2.31,-0.00554,-0.46,False
W004,Microsoft,breakout,MSFT,2026-05-04 12:20,416.0,410.95,426.1,2026-05-04 15:40,412.64,time_exit,40,-3.36,-0.00808,-0.67,False
W005,Microsoft,breakout,MSFT,2026-05-05 13:45,410.76,406.96,418.36,2026-05-05 15:55,411.27,session_close,26,0.51,0.00124,0.13,True
W006,Microsoft,breakout,MSFT,2026-05-06 14:20,413.78,410.2,420.94,2026-05-06 15:55,413.76,session_close,19,-0.02,-5e-05,-0.01,False
W007,Microsoft,breakout,MSFT,2026-05-07 10:55,424.94,420.49,433.84,2026-05-07 14:15,422.455,time_exit,40,-2.485,-0.00585,-0.56,False
W008,Microsoft,breakout,MSFT,2026-05-07 14:20,422.455,418.4,430.565,2026-05-07 15:55,420.99,session_close,19,-1.465,-0.00347,-0.36,False
W009,Microsoft,breakout,MSFT,2026-05-08 13:20,417.15,413.27,424.91,2026-05-08 15:55,415.15,session_close,31,-2.0,-0.00479,-0.52,False
W010,Microsoft,breakout,MSFT,2026-05-11 11:30,411.83,406.94,421.61,2026-05-11 14:50,410.48,time_exit,40,-1.35,-0.00328,-0.28,False
W011,Microsoft,breakout,MSFT,2026-05-11 15:30,411.55,406.54,421.57,2026-05-11 15:55,412.68,session_close,5,1.13,0.00275,0.23,True
W012,Microsoft,breakout,MSFT,2026-05-12 12:15,409.31,404.62,418.69,2026-05-12 15:35,408.225,time_exit,40,-1.085,-0.00265,-0.23,False
W013,Microsoft,breakout,MSFT,2026-05-13 11:40,404.56,400.04,413.6,2026-05-13 15:00,405.1,time_exit,40,0.54,0.00133,0.12,True
W014,Microsoft,breakout,MSFT,2026-05-14 13:30,409.05,405.21,416.73,2026-05-14 15:55,409.47,session_close,29,0.42,0.00103,0.11,True
W015,Microsoft,breakout,MSFT,2026-05-15 13:35,427.595,420.64,441.505,2026-05-15 15:55,420.64,stop,28,-6.955,-0.01627,-1.0,False
W016,Microsoft,breakout,MSFT,2026-05-18 13:30,422.935,415.61,437.585,2026-05-18 15:55,423.66,session_close,29,0.725,0.00171,0.1,True
W017,Microsoft,breakout,MSFT,2026-05-20 10:55,415.775,409.55,428.225,2026-05-20 14:15,420.055,time_exit,40,4.28,0.01029,0.69,True
W022,Microsoft,breakout,MSFT,2026-05-21 13:40,418.12,413.94,426.48,2026-05-21 15:55,419.04,session_close,27,0.92,0.0022,0.22,True
W023,Microsoft,breakout,MSFT,2026-05-22 11:10,418.81,414.26,427.91,2026-05-22 14:30,419.22,time_exit,40,0.41,0.00098,0.09,True
W025,Microsoft,breakout,MSFT,2026-05-22 14:40,419.57,415.16,428.39,2026-05-22 15:55,418.58,session_close,15,-0.99,-0.00236,-0.22,False
W027,Microsoft,breakout,MSFT,2026-05-27 15:20,413.16,409.15,421.18,2026-05-27 15:55,412.69,session_close,7,-0.47,-0.00114,-0.12,False
W028,Microsoft,breakout,MSFT,2026-05-28 12:25,425.75,421.39,434.47,2026-05-28 15:45,426.03,time_exit,40,0.28,0.00066,0.06,True
W029,Microsoft,breakout,MSFT,2026-05-29 12:35,443.92,439.91,451.94,2026-05-29 15:55,448.64,time_exit,40,4.72,0.01063,1.18,True
W001,Nvidia,breakout,NVDA,2026-05-01 13:10,199.615,197.49,203.865,2026-05-01 15:55,198.42,session_close,33,-1.195,-0.00599,-0.56,False
W003,Nvidia,breakout,NVDA,2026-05-04 12:45,196.7599,193.77,202.7397,2026-05-04 15:55,198.56,session_close,38,1.8001,0.00915,0.6,True
W004,Nvidia,breakout,NVDA,2026-05-05 12:25,198.21,195.68,203.27,2026-05-05 15:45,196.5195,time_exit,40,-1.6905,-0.00853,-0.67,False
W005,Nvidia,breakout,NVDA,2026-05-06 11:25,206.7351,201.91,216.3853,2026-05-06 14:45,207.1643,time_exit,40,0.4292,0.00208,0.09,True
W008,Nvidia,breakout,NVDA,2026-05-11 10:50,220.28,215.83,229.18,2026-05-11 14:10,220.795,time_exit,40,0.515,0.00234,0.12,True
W009,Nvidia,breakout,NVDA,2026-05-11 14:30,221.41,219.27,225.69,2026-05-11 15:20,219.27,stop,10,-2.14,-0.00967,-1.0,False
W010,Nvidia,breakout,NVDA,2026-05-12 12:15,218.17,213.93,226.65,2026-05-12 15:35,221.578,time_exit,40,3.408,0.01562,0.8,True
W012,Nvidia,breakout,NVDA,2026-05-13 10:55,225.825,221.94,233.595,2026-05-13 14:15,227.27,time_exit,40,1.445,0.0064,0.37,True
W013,Nvidia,breakout,NVDA,2026-05-14 14:20,235.17,232.58,240.35,2026-05-14 15:55,235.745,session_close,19,0.575,0.00245,0.22,True
W014,Nvidia,breakout,NVDA,2026-05-15 10:15,227.8793,223.13,237.3779,2026-05-15 13:35,230.265,time_exit,40,2.3857,0.01047,0.5,True
W017,Nvidia,breakout,NVDA,2026-05-18 15:05,220.87,217.28,228.05,2026-05-18 15:55,222.35,session_close,10,1.48,0.0067,0.41,True
W018,Nvidia,breakout,NVDA,2026-05-19 11:45,221.72,218.92,227.32,2026-05-19 15:05,222.37,time_exit,40,0.65,0.00293,0.23,True
W019,Nvidia,breakout,NVDA,2026-05-21 11:50,220.1,216.84,226.62,2026-05-21 15:10,219.87,time_exit,40,-0.23,-0.00105,-0.07,False
W021,Nvidia,breakout,NVDA,2026-05-22 13:25,218.21,215.33,223.97,2026-05-22 15:10,215.33,stop,21,-2.88,-0.0132,-1.0,False
W022,Nvidia,breakout,NVDA,2026-05-26 14:20,214.43,211.82,219.65,2026-05-26 15:55,214.83,session_close,19,0.4,0.00187,0.15,True
W023,Nvidia,breakout,NVDA,2026-05-27 11:35,210.115,207.74,214.865,2026-05-27 14:55,212.81,time_exit,40,2.695,0.01283,1.13,True
W026,Nvidia,breakout,NVDA,2026-05-28 12:20,213.06,211.04,217.1,2026-05-28 15:40,214.23,time_exit,40,1.17,0.00549,0.58,True
W028,Nvidia,breakout,NVDA,2026-05-29 11:15,216.94,213.29,224.24,2026-05-29 14:35,216.7099,time_exit,40,-0.2301,-0.00106,-0.06,False
W001,Amazon,breakout,AMZN,2026-05-01 13:25,269.34,266.88,274.26,2026-05-01 15:55,268.34,session_close,30,-1.0,-0.00371,-0.41,False
W002,Amazon,breakout,AMZN,2026-05-06 11:55,274.485,270.9,281.655,2026-05-06 15:15,276.815,time_exit,40,2.33,0.00849,0.65,True
W003,Amazon,breakout,AMZN,2026-05-08 11:50,273.15,270.06,279.33,2026-05-08 15:10,272.7401,time_exit,40,-0.4099,-0.0015,-0.13,False
W004,Amazon,breakout,AMZN,2026-05-08 15:35,273.235,270.55,278.605,2026-05-08 15:55,272.68,session_close,4,-0.555,-0.00203,-0.21,False
W005,Amazon,breakout,AMZN,2026-05-11 11:30,272.56,269.67,278.34,2026-05-11 14:50,269.94,time_exit,40,-2.62,-0.00961,-0.91,False
W006,Amazon,breakout,AMZN,2026-05-12 15:25,265.15,262.44,270.57,2026-05-12 15:55,265.89,session_close,6,0.74,0.00279,0.27,True
W007,Amazon,breakout,AMZN,2026-05-13 11:20,266.055,263.77,270.625,2026-05-13 14:40,269.78,time_exit,40,3.725,0.014,1.63,True
W010,Amazon,breakout,AMZN,2026-05-14 12:00,268.3899,265.69,273.7897,2026-05-14 15:20,268.13,time_exit,40,-0.2599,-0.00097,-0.1,False
W012,Amazon,breakout,AMZN,2026-05-15 12:30,262.74,259.99,268.24,2026-05-15 15:50,263.57,time_exit,40,0.83,0.00316,0.3,True
W013,Amazon,breakout,AMZN,2026-05-18 15:05,264.6699,261.39,271.2297,2026-05-18 15:55,264.92,session_close,10,0.2501,0.00095,0.08,True
W014,Amazon,breakout,AMZN,2026-05-19 12:45,256.68,253.91,262.22,2026-05-19 15:55,259.42,session_close,38,2.74,0.01067,0.99,True
W016,Amazon,breakout,AMZN,2026-05-20 13:40,263.64,261.06,268.8,2026-05-20 15:55,265.01,session_close,27,1.37,0.0052,0.53,True
W018,Amazon,breakout,AMZN,2026-05-21 10:40,264.05,260.14,271.87,2026-05-21 14:00,268.5,time_exit,40,4.45,0.01685,1.14,True
W020,Amazon,breakout,AMZN,2026-05-22 11:10,269.0885,266.14,274.9855,2026-05-22 14:30,268.07,time_exit,40,-1.0185,-0.00378,-0.35,False
W021,Amazon,breakout,AMZN,2026-05-26 15:25,263.84,260.89,269.74,2026-05-26 15:55,265.31,session_close,6,1.47,0.00557,0.5,True
W022,Amazon,breakout,AMZN,2026-05-27 11:05,271.073,267.77,277.679,2026-05-27 14:25,269.95,time_exit,40,-1.123,-0.00414,-0.34,False
W023,Amazon,breakout,AMZN,2026-05-27 14:55,270.67,267.75,276.51,2026-05-27 15:55,271.8673,session_close,12,1.1973,0.00442,0.41,True
W024,Amazon,breakout,AMZN,2026-05-28 10:55,270.41,266.3,278.63,2026-05-28 14:15,272.2,time_exit,40,1.79,0.00662,0.44,True
W026,Amazon,breakout,AMZN,2026-05-29 11:20,272.335,269.26,278.485,2026-05-29 14:40,270.39,time_exit,40,-1.945,-0.00714,-0.63,False
W001,Alphabet,breakout,GOOGL,2026-05-01 11:35,386.35,377.55,403.95,2026-05-01 14:55,383.37,time_exit,40,-2.98,-0.00771,-0.34,False
W003,Alphabet,breakout,GOOGL,2026-05-04 13:05,383.52,379.4,391.76,2026-05-04 15:55,383.24,session_close,34,-0.28,-0.00073,-0.07,False
W004,Alphabet,breakout,GOOGL,2026-05-05 11:25,388.83,385.49,395.51,2026-05-05 13:15,385.49,stop,22,-3.34,-0.00859,-1.0,False
W005,Alphabet,breakout,GOOGL,2026-05-05 15:25,387.25,382.1,397.55,2026-05-05 15:55,388.41,session_close,6,1.16,0.003,0.23,True
W006,Alphabet,breakout,GOOGL,2026-05-06 10:50,397.43,390.87,410.55,2026-05-06 14:10,396.58,time_exit,40,-0.85,-0.00214,-0.13,False
W008,Alphabet,breakout,GOOGL,2026-05-07 13:20,396.075,390.72,406.785,2026-05-07 15:55,398.03,session_close,31,1.955,0.00494,0.37,True
W009,Alphabet,breakout,GOOGL,2026-05-08 15:35,400.07,395.75,408.71,2026-05-08 15:55,400.81,session_close,4,0.74,0.00185,0.17,True
W010,Alphabet,breakout,GOOGL,2026-05-12 11:45,387.92,383.9,395.96,2026-05-12 12:40,383.9,stop,11,-4.02,-0.01036,-1.0,False
W011,Alphabet,breakout,GOOGL,2026-05-12 15:40,386.56,382.45,394.78,2026-05-12 15:55,387.44,session_close,3,0.88,0.00228,0.21,True
W012,Alphabet,breakout,GOOGL,2026-05-13 12:05,398.38,391.67,411.8,2026-05-13 15:25,403.03,time_exit,40,4.65,0.01167,0.69,True
W014,Alphabet,breakout,GOOGL,2026-05-14 11:40,399.075,394.56,408.105,2026-05-14 15:00,400.75,time_exit,40,1.675,0.0042,0.37,True
W016,Alphabet,breakout,GOOGL,2026-05-15 13:35,397.855,393.77,406.025,2026-05-15 15:55,396.79,session_close,28,-1.065,-0.00268,-0.26,False
W017,Alphabet,breakout,GOOGL,2026-05-18 13:10,402.26,398.33,410.12,2026-05-18 14:20,398.33,stop,14,-3.93,-0.00977,-1.0,False
W018,Alphabet,breakout,GOOGL,2026-05-19 12:55,389.614,384.62,399.602,2026-05-19 15:55,387.7,session_close,36,-1.914,-0.00491,-0.38,False
W019,Alphabet,breakout,GOOGL,2026-05-20 11:50,386.9,382.1,396.5,2026-05-20 15:10,387.28,time_exit,40,0.38,0.00098,0.08,True
W021,Alphabet,breakout,GOOGL,2026-05-21 13:20,390.18,385.44,399.66,2026-05-21 15:55,387.66,session_close,31,-2.52,-0.00646,-0.53,False
W022,Alphabet,breakout,GOOGL,2026-05-26 11:10,389.0511,383.62,399.9133,2026-05-26 14:30,386.45,time_exit,40,-2.6011,-0.00669,-0.48,False
W023,Alphabet,breakout,GOOGL,2026-05-26 15:30,387.21,383.78,394.07,2026-05-26 15:55,388.9601,session_close,5,1.7501,0.00452,0.51,True
W024,Alphabet,breakout,GOOGL,2026-05-27 12:35,392.5201,387.86,401.8403,2026-05-27 15:55,388.865,time_exit,40,-3.6551,-0.00931,-0.78,False
W025,Alphabet,breakout,GOOGL,2026-05-28 11:05,390.935,383.95,404.905,2026-05-28 14:25,390.54,time_exit,40,-0.395,-0.00101,-0.06,False
W026,Alphabet,breakout,GOOGL,2026-05-28 14:35,390.91,387.44,397.85,2026-05-28 15:55,390.17,session_close,16,-0.74,-0.00189,-0.21,False
W001,Meta Platforms,breakout,META,2026-05-01 12:25,611.675,606.91,621.205,2026-05-01 15:45,611.535,time_exit,40,-0.14,-0.00023,-0.03,False
W003,Meta Platforms,breakout,META,2026-05-04 10:45,610.02,599.74,630.5801,2026-05-04 14:05,613.215,time_exit,40,3.195,0.00524,0.31,True
W005,Meta Platforms,breakout,META,2026-05-05 15:25,605.27,597.36,621.0901,2026-05-05 15:55,605.08,session_close,6,-0.19,-0.00031,-0.02,False
W006,Meta Platforms,breakout,META,2026-05-06 13:10,613.86,608.21,625.16,2026-05-06 15:55,612.54,session_close,33,-1.32,-0.00215,-0.23,False
W007,Meta Platforms,breakout,META,2026-05-07 10:55,624.645,616.34,641.2551,2026-05-07 12:20,616.34,stop,17,-8.305,-0.0133,-1.0,False
W008,Meta Platforms,breakout,META,2026-05-07 14:00,616.05,610.47,627.21,2026-05-07 15:55,616.96,session_close,23,0.91,0.00148,0.16,True
W009,Meta Platforms,breakout,META,2026-05-08 14:05,611.1758,605.05,623.4273,2026-05-08 15:55,609.64,session_close,22,-1.5358,-0.00251,-0.25,False
W010,Meta Platforms,breakout,META,2026-05-11 11:55,603.715,597.15,616.8451,2026-05-11 15:15,598.9799,time_exit,40,-4.7351,-0.00784,-0.72,False
W011,Meta Platforms,breakout,META,2026-05-12 15:25,602.0,596.0,614.0,2026-05-12 15:55,603.13,session_close,6,1.13,0.00188,0.19,True
W012,Meta Platforms,breakout,META,2026-05-13 11:30,606.44,600.19,618.94,2026-05-13 14:35,618.94,target,37,12.5,0.02061,2.0,True
W015,Meta Platforms,breakout,META,2026-05-14 12:05,622.9,614.83,639.0401,2026-05-14 15:25,617.18,time_exit,40,-5.72,-0.00918,-0.71,False
W016,Meta Platforms,breakout,META,2026-05-15 10:55,615.005,606.73,631.555,2026-05-15 14:15,619.44,time_exit,40,4.435,0.00721,0.54,True
W018,Meta Platforms,breakout,META,2026-05-18 13:10,610.665,602.97,626.0549,2026-05-18 15:55,611.33,session_close,33,0.665,0.00109,0.09,True
W020,Meta Platforms,breakout,META,2026-05-20 10:55,604.55,594.82,624.01,2026-05-20 14:15,604.71,time_exit,40,0.16,0.00026,0.02,True
W022,Meta Platforms,breakout,META,2026-05-21 11:00,599.51,591.83,614.87,2026-05-21 14:20,608.77,time_exit,40,9.26,0.01545,1.21,True
W024,Meta Platforms,breakout,META,2026-05-22 14:40,611.5,605.02,624.46,2026-05-22 15:55,610.37,session_close,15,-1.13,-0.00185,-0.17,False
W025,Meta Platforms,breakout,META,2026-05-26 12:35,610.85,603.87,624.8099,2026-05-26 15:55,612.34,time_exit,40,1.4901,0.00244,0.21,True
W027,Meta Platforms,breakout,META,2026-05-27 14:05,620.83,606.16,650.1701,2026-05-27 15:55,635.255,session_close,22,14.425,0.02324,0.98,True
W028,Meta Platforms,breakout,META,2026-05-28 12:20,633.26,627.71,644.36,2026-05-28 15:40,634.355,time_exit,40,1.095,0.00173,0.2,True
W031,Meta Platforms,breakout,META,2026-05-29 13:50,626.38,620.7,637.74,2026-05-29 15:55,632.52,end_of_data,25,6.14,0.0098,1.08,True
W001,Tesla,breakout,TSLA,2026-05-01 13:45,397.0401,389.05,413.0203,2026-05-01 15:55,390.66,session_close,26,-6.3801,-0.01607,-0.8,False
W002,Tesla,breakout,TSLA,2026-05-04 12:20,388.57,382.88,399.95,2026-05-04 15:40,392.52,time_exit,40,3.95,0.01017,0.69,True
W004,Tesla,breakout,TSLA,2026-05-05 14:05,392.97,387.06,404.79,2026-05-05 15:55,389.35,session_close,22,-3.62,-0.00921,-0.61,False
W005,Tesla,breakout,TSLA,2026-05-06 11:50,394.715,389.11,405.925,2026-05-06 15:10,400.75,time_exit,40,6.035,0.01529,1.08,True
W007,Tesla,breakout,TSLA,2026-05-07 10:45,415.28,406.36,433.12,2026-05-07 12:00,406.36,stop,15,-8.92,-0.02148,-1.0,False
W008,Tesla,breakout,TSLA,2026-05-07 14:15,407.515,401.54,419.465,2026-05-07 15:55,411.8,session_close,20,4.285,0.01051,0.72,True
W009,Tesla,breakout,TSLA,2026-05-08 14:25,428.43,424.33,436.63,2026-05-08 15:55,428.32,session_close,18,-0.11,-0.00026,-0.03,False
W010,Tesla,breakout,TSLA,2026-05-11 11:05,424.9199,416.56,441.6397,2026-05-11 11:45,441.6397,target,8,16.7198,0.03935,2.0,True
W011,Tesla,breakout,TSLA,2026-05-11 12:35,441.94,434.08,457.66,2026-05-11 15:55,445.03,time_exit,40,3.09,0.00699,0.39,True
W014,Tesla,breakout,TSLA,2026-05-12 14:05,428.65,422.48,440.99,2026-05-12 15:55,433.45,session_close,22,4.8,0.0112,0.78,True
W016,Tesla,breakout,TSLA,2026-05-13 14:10,449.53,444.37,459.85,2026-05-13 15:25,444.37,stop,15,-5.16,-0.01148,-1.0,False
W017,Tesla,breakout,TSLA,2026-05-14 11:10,446.15,438.95,460.55,2026-05-14 14:30,444.27,time_exit,40,-1.88,-0.00421,-0.26,False
W019,Tesla,breakout,TSLA,2026-05-15 13:10,426.345,421.58,435.875,2026-05-15 15:55,422.13,session_close,33,-4.215,-0.00989,-0.88,False
W020,Tesla,breakout,TSLA,2026-05-18 12:10,413.03,405.82,427.45,2026-05-18 14:15,405.82,stop,25,-7.21,-0.01746,-1.0,False
W021,Tesla,breakout,TSLA,2026-05-18 15:05,409.65,403.3,422.35,2026-05-18 15:55,410.07,session_close,10,0.42,0.00103,0.07,True
W022,Tesla,breakout,TSLA,2026-05-19 12:05,398.455,393.52,408.325,2026-05-19 15:25,404.09,time_exit,40,5.635,0.01414,1.14,True
W025,Tesla,breakout,TSLA,2026-05-20 10:55,411.8,404.36,426.68,2026-05-20 14:15,412.45,time_exit,40,0.65,0.00158,0.09,True
W028,Tesla,breakout,TSLA,2026-05-21 11:20,416.975,410.84,429.245,2026-05-21 14:40,420.62,time_exit,40,3.645,0.00874,0.59,True
W030,Tesla,breakout,TSLA,2026-05-22 12:05,430.415,423.92,443.405,2026-05-22 15:25,425.875,time_exit,40,-4.54,-0.01055,-0.7,False
W033,Tesla,breakout,TSLA,2026-05-26 10:45,431.3,423.99,445.92,2026-05-26 14:05,432.46,time_exit,40,1.16,0.00269,0.16,True
W036,Tesla,breakout,TSLA,2026-05-27 10:45,443.7001,433.34,464.4203,2026-05-27 14:05,441.86,time_exit,40,-1.8401,-0.00415,-0.18,False
W038,Tesla,breakout,TSLA,2026-05-28 12:20,442.75,434.91,458.43,2026-05-28 15:40,442.47,time_exit,40,-0.28,-0.00063,-0.04,False
W040,Tesla,breakout,TSLA,2026-05-29 11:05,433.16,426.06,447.36,2026-05-29 14:25,437.72,time_exit,40,4.56,0.01053,0.64,True
